Copyright 1986-2022 Xilinx, Inc. All Rights Reserved. Copyright 2022-2023 Advanced Micro Devices, Inc. All Rights Reserved.
---------------------------------------------------------------------------------------------------------------------------------------------
| Tool Version : Vivado v.2023.2 (win64) Build 4029153 Fri Oct 13 20:14:34 MDT 2023
| Date         : Wed Aug  5 15:09:39 2026
| Host         : dkeL running 64-bit major release  (build 9200)
| Command      : report_utilization -hierarchical -file ./design_evidence/utilization_hier.rpt
| Design       : design_1_wrapper
| Device       : xc7z020clg400-1
| Speed File   : -1
| Design State : Routed
---------------------------------------------------------------------------------------------------------------------------------------------

Utilization Design Information

Table of Contents
-----------------
1. Utilization by Hierarchy

1. Utilization by Hierarchy
---------------------------

+-------------------------------------------------------------------------------------------------------+-------------------------------------------------------------------------------------+------------+------------+---------+------+-------+--------+--------+------------+
|                                                Instance                                               |                                        Module                                       | Total LUTs | Logic LUTs | LUTRAMs | SRLs |  FFs  | RAMB36 | RAMB18 | DSP Blocks |
+-------------------------------------------------------------------------------------------------------+-------------------------------------------------------------------------------------+------------+------------+---------+------+-------+--------+--------+------------+
| design_1_wrapper                                                                                      |                                                                               (top) |      14858 |      13288 |    1436 |  134 | 21516 |      5 |      2 |        170 |
|   design_1_i                                                                                          |                                                                            design_1 |      14858 |      13288 |    1436 |  134 | 21516 |      5 |      2 |        170 |
|     (design_1_i)                                                                                      |                                                                            design_1 |          0 |          0 |       0 |    0 |     0 |      0 |      0 |          0 |
|     axi_dma_0                                                                                         |                                                                design_1_axi_dma_0_0 |       1820 |       1713 |       8 |   99 |  2821 |      5 |      2 |          0 |
|       (axi_dma_0)                                                                                     |                                                                design_1_axi_dma_0_0 |          0 |          0 |       0 |    0 |     0 |      0 |      0 |          0 |
|       U0                                                                                              |                                                        design_1_axi_dma_0_0_axi_dma |       1820 |       1713 |       8 |   99 |  2821 |      5 |      2 |          0 |
|         INCLUDE_MM2S_SOF_EOF_GENERATOR.I_MM2S_DMA_MNGR                                                |                                              design_1_axi_dma_0_0_axi_dma_mm2s_mngr |         16 |         16 |       0 |    0 |    76 |      0 |      0 |          0 |
|           (INCLUDE_MM2S_SOF_EOF_GENERATOR.I_MM2S_DMA_MNGR)                                            |                                              design_1_axi_dma_0_0_axi_dma_mm2s_mngr |          0 |          0 |       0 |    0 |     1 |      0 |      0 |          0 |
|           GEN_MM2S_DMA_CONTROL.GEN_SIMPLE_DMA_MODE.I_MM2S_SMPL_SM                                     |                                            design_1_axi_dma_0_0_axi_dma_smple_sm_28 |         10 |         10 |       0 |    0 |    65 |      0 |      0 |          0 |
|           GEN_MM2S_DMA_CONTROL.I_MM2S_CMDSTS                                                          |                                         design_1_axi_dma_0_0_axi_dma_mm2s_cmdsts_if |          4 |          4 |       0 |    0 |     7 |      0 |      0 |          0 |
|           GEN_MM2S_DMA_CONTROL.I_MM2S_STS_MNGR                                                        |                                          design_1_axi_dma_0_0_axi_dma_mm2s_sts_mngr |          2 |          2 |       0 |    0 |     3 |      0 |      0 |          0 |
|         INCLUDE_S2MM_SOF_EOF_GENERATOR.I_S2MM_DMA_MNGR                                                |                                              design_1_axi_dma_0_0_axi_dma_s2mm_mngr |         32 |         32 |       0 |    0 |   104 |      0 |      0 |          0 |
|           (INCLUDE_S2MM_SOF_EOF_GENERATOR.I_S2MM_DMA_MNGR)                                            |                                              design_1_axi_dma_0_0_axi_dma_s2mm_mngr |          0 |          0 |       0 |    0 |     1 |      0 |      0 |          0 |
|           GEN_S2MM_DMA_CONTROL.GEN_SIMPLE_DMA_MODE.I_S2MM_SMPL_SM                                     |                                               design_1_axi_dma_0_0_axi_dma_smple_sm |         10 |         10 |       0 |    0 |    65 |      0 |      0 |          0 |
|           GEN_S2MM_DMA_CONTROL.I_S2MM_CMDSTS                                                          |                                         design_1_axi_dma_0_0_axi_dma_s2mm_cmdsts_if |         20 |         20 |       0 |    0 |    35 |      0 |      0 |          0 |
|           GEN_S2MM_DMA_CONTROL.I_S2MM_STS_MNGR                                                        |                                          design_1_axi_dma_0_0_axi_dma_s2mm_sts_mngr |          2 |          2 |       0 |    0 |     3 |      0 |      0 |          0 |
|         I_AXI_DMA_REG_MODULE                                                                          |                                             design_1_axi_dma_0_0_axi_dma_reg_module |        137 |        137 |       0 |    0 |   265 |      0 |      0 |          0 |
|           GEN_AXI_LITE_IF.AXI_LITE_IF_I                                                               |                                                design_1_axi_dma_0_0_axi_dma_lite_if |        106 |        106 |       0 |    0 |    85 |      0 |      0 |          0 |
|           GEN_MM2S_REGISTERS.I_MM2S_DMA_REGISTER                                                      |                                               design_1_axi_dma_0_0_axi_dma_register |         18 |         18 |       0 |    0 |    90 |      0 |      0 |          0 |
|           GEN_S2MM_REGISTERS.I_S2MM_DMA_REGISTER                                                      |                                          design_1_axi_dma_0_0_axi_dma_register_s2mm |         13 |         13 |       0 |    0 |    90 |      0 |      0 |          0 |
|         I_PRMRY_DATAMOVER                                                                             |                                                  design_1_axi_dma_0_0_axi_datamover |       1619 |       1512 |       8 |   99 |  2338 |      5 |      2 |          0 |
|           GEN_MM2S_FULL.I_MM2S_FULL_WRAPPER                                                           |                                   design_1_axi_dma_0_0_axi_datamover_mm2s_full_wrap |        627 |        602 |       0 |   25 |   965 |      4 |      1 |          0 |
|             ENABLE_AXIS_SKID.I_MM2S_SKID_BUF                                                          |                                         design_1_axi_dma_0_0_axi_datamover_skid_buf |        295 |        295 |       0 |    0 |   582 |      0 |      0 |          0 |
|             GEN_INCLUDE_MM2S_SF.I_RD_SF                                                               |                                            design_1_axi_dma_0_0_axi_datamover_rd_sf |         86 |         86 |       0 |    0 |    65 |      4 |      1 |          0 |
|               (GEN_INCLUDE_MM2S_SF.I_RD_SF)                                                           |                                            design_1_axi_dma_0_0_axi_datamover_rd_sf |         16 |         16 |       0 |    0 |     9 |      0 |      0 |          0 |
|               I_DATA_FIFO                                                                             |                                     design_1_axi_dma_0_0_axi_datamover_sfifo_autord |         66 |         66 |       0 |    0 |    50 |      4 |      1 |          0 |
|                 BLK_MEM.I_SYNC_FIFOGEN_FIFO                                                           |                                                   design_1_axi_dma_0_0_sync_fifo_fg |         66 |         66 |       0 |    0 |    50 |      4 |      1 |          0 |
|                   (BLK_MEM.I_SYNC_FIFOGEN_FIFO)                                                       |                                                   design_1_axi_dma_0_0_sync_fifo_fg |          5 |          5 |       0 |    0 |     0 |      0 |      0 |          0 |
|                   xpm_fifo_instance.xpm_fifo_sync_inst                                                |                                                  design_1_axi_dma_0_0_xpm_fifo_sync |         61 |         61 |       0 |    0 |    50 |      4 |      1 |          0 |
|                     xpm_fifo_base_inst                                                                |                                                  design_1_axi_dma_0_0_xpm_fifo_base |         61 |         61 |       0 |    0 |    50 |      4 |      1 |          0 |
|                       (xpm_fifo_base_inst)                                                            |                                                  design_1_axi_dma_0_0_xpm_fifo_base |          3 |          3 |       0 |    0 |    12 |      0 |      0 |          0 |
|                       gen_fwft.rdpp1_inst                                                             |                            design_1_axi_dma_0_0_xpm_counter_updn__parameterized1_21 |          5 |          5 |       0 |    0 |     2 |      0 |      0 |          0 |
|                       gen_sdpram.xpm_memory_base_inst                                                 |                                                design_1_axi_dma_0_0_xpm_memory_base |          5 |          5 |       0 |    0 |     0 |      4 |      1 |          0 |
|                       rdp_inst                                                                        |                            design_1_axi_dma_0_0_xpm_counter_updn__parameterized2_22 |         22 |         22 |       0 |    0 |     8 |      0 |      0 |          0 |
|                       rdpp1_inst                                                                      |                            design_1_axi_dma_0_0_xpm_counter_updn__parameterized3_23 |          7 |          7 |       0 |    0 |     7 |      0 |      0 |          0 |
|                       rst_d1_inst                                                                     |                                            design_1_axi_dma_0_0_xpm_fifo_reg_bit_24 |          1 |          1 |       0 |    0 |     1 |      0 |      0 |          0 |
|                       wrp_inst                                                                        |                            design_1_axi_dma_0_0_xpm_counter_updn__parameterized2_25 |         17 |         17 |       0 |    0 |     8 |      0 |      0 |          0 |
|                       wrpp1_inst                                                                      |                            design_1_axi_dma_0_0_xpm_counter_updn__parameterized3_26 |          6 |          6 |       0 |    0 |     7 |      0 |      0 |          0 |
|                       xpm_fifo_rst_inst                                                               |                                                design_1_axi_dma_0_0_xpm_fifo_rst_27 |          2 |          2 |       0 |    0 |     5 |      0 |      0 |          0 |
|               OMIT_DRE_CNTL.I_DRE_CNTL_FIFO                                                           |                             design_1_axi_dma_0_0_axi_datamover_fifo__parameterized3 |          4 |          4 |       0 |    0 |     6 |      0 |      0 |          0 |
|                 (OMIT_DRE_CNTL.I_DRE_CNTL_FIFO)                                                       |                             design_1_axi_dma_0_0_axi_datamover_fifo__parameterized3 |          1 |          1 |       0 |    0 |     2 |      0 |      0 |          0 |
|                 USE_SRL_FIFO.I_SYNC_FIFO                                                              |                                     design_1_axi_dma_0_0_srl_fifo_f__parameterized1 |          3 |          3 |       0 |    0 |     4 |      0 |      0 |          0 |
|                   I_SRL_FIFO_RBU_F                                                                    |                                 design_1_axi_dma_0_0_srl_fifo_rbu_f__parameterized1 |          3 |          3 |       0 |    0 |     4 |      0 |      0 |          0 |
|                     (I_SRL_FIFO_RBU_F)                                                                |                                 design_1_axi_dma_0_0_srl_fifo_rbu_f__parameterized1 |          0 |          0 |       0 |    0 |     1 |      0 |      0 |          0 |
|                     CNTR_INCR_DECR_ADDN_F_I                                                           |                                       design_1_axi_dma_0_0_cntr_incr_decr_addn_f_20 |          3 |          3 |       0 |    0 |     3 |      0 |      0 |          0 |
|             I_ADDR_CNTL                                                                               |                                        design_1_axi_dma_0_0_axi_datamover_addr_cntl |         29 |          9 |       0 |   20 |    48 |      0 |      0 |          0 |
|               (I_ADDR_CNTL)                                                                           |                                        design_1_axi_dma_0_0_axi_datamover_addr_cntl |          2 |          2 |       0 |    0 |    42 |      0 |      0 |          0 |
|               GEN_ADDR_FIFO.I_ADDR_QUAL_FIFO                                                          |                          design_1_axi_dma_0_0_axi_datamover_fifo__parameterized1_15 |         27 |          7 |       0 |   20 |     6 |      0 |      0 |          0 |
|                 (GEN_ADDR_FIFO.I_ADDR_QUAL_FIFO)                                                      |                          design_1_axi_dma_0_0_axi_datamover_fifo__parameterized1_15 |          1 |          1 |       0 |    0 |     2 |      0 |      0 |          0 |
|                 USE_SRL_FIFO.I_SYNC_FIFO                                                              |                                                  design_1_axi_dma_0_0_srl_fifo_f_16 |         26 |          6 |       0 |   20 |     4 |      0 |      0 |          0 |
|                   I_SRL_FIFO_RBU_F                                                                    |                                              design_1_axi_dma_0_0_srl_fifo_rbu_f_17 |         26 |          6 |       0 |   20 |     4 |      0 |      0 |          0 |
|                     (I_SRL_FIFO_RBU_F)                                                                |                                              design_1_axi_dma_0_0_srl_fifo_rbu_f_17 |          0 |          0 |       0 |    0 |     1 |      0 |      0 |          0 |
|                     CNTR_INCR_DECR_ADDN_F_I                                                           |                                       design_1_axi_dma_0_0_cntr_incr_decr_addn_f_18 |          4 |          4 |       0 |    0 |     3 |      0 |      0 |          0 |
|                     DYNSHREG_F_I                                                                      |                                                  design_1_axi_dma_0_0_dynshreg_f_19 |         22 |          2 |       0 |   20 |     0 |      0 |      0 |          0 |
|             I_CMD_STATUS                                                                              |                                       design_1_axi_dma_0_0_axi_datamover_cmd_status |         12 |         12 |       0 |    0 |    71 |      0 |      0 |          0 |
|               GEN_INCLUDE_STATUS_FIFO.I_STS_FIFO                                                      |                             design_1_axi_dma_0_0_axi_datamover_fifo__parameterized0 |          7 |          7 |       0 |    0 |     6 |      0 |      0 |          0 |
|               I_CMD_FIFO                                                                              |                                          design_1_axi_dma_0_0_axi_datamover_fifo_14 |          5 |          5 |       0 |    0 |    65 |      0 |      0 |          0 |
|             I_MSTR_PCC                                                                                |                                              design_1_axi_dma_0_0_axi_datamover_pcc |        158 |        158 |       0 |    0 |   157 |      0 |      0 |          0 |
|             I_RD_DATA_CNTL                                                                            |                                      design_1_axi_dma_0_0_axi_datamover_rddata_cntl |         44 |         39 |       0 |    5 |    34 |      0 |      0 |          0 |
|               (I_RD_DATA_CNTL)                                                                        |                                      design_1_axi_dma_0_0_axi_datamover_rddata_cntl |         19 |         19 |       0 |    0 |    28 |      0 |      0 |          0 |
|               GEN_DATA_CNTL_FIFO.I_DATA_CNTL_FIFO                                                     |                             design_1_axi_dma_0_0_axi_datamover_fifo__parameterized2 |         25 |         20 |       0 |    5 |     6 |      0 |      0 |          0 |
|                 (GEN_DATA_CNTL_FIFO.I_DATA_CNTL_FIFO)                                                 |                             design_1_axi_dma_0_0_axi_datamover_fifo__parameterized2 |          1 |          1 |       0 |    0 |     2 |      0 |      0 |          0 |
|                 USE_SRL_FIFO.I_SYNC_FIFO                                                              |                                     design_1_axi_dma_0_0_srl_fifo_f__parameterized0 |         24 |         19 |       0 |    5 |     4 |      0 |      0 |          0 |
|                   I_SRL_FIFO_RBU_F                                                                    |                                 design_1_axi_dma_0_0_srl_fifo_rbu_f__parameterized0 |         24 |         19 |       0 |    5 |     4 |      0 |      0 |          0 |
|                     (I_SRL_FIFO_RBU_F)                                                                |                                 design_1_axi_dma_0_0_srl_fifo_rbu_f__parameterized0 |          2 |          2 |       0 |    0 |     1 |      0 |      0 |          0 |
|                     CNTR_INCR_DECR_ADDN_F_I                                                           |                                       design_1_axi_dma_0_0_cntr_incr_decr_addn_f_13 |         15 |         15 |       0 |    0 |     3 |      0 |      0 |          0 |
|                     DYNSHREG_F_I                                                                      |                                     design_1_axi_dma_0_0_dynshreg_f__parameterized0 |          7 |          2 |       0 |    5 |     0 |      0 |      0 |          0 |
|             I_RD_STATUS_CNTLR                                                                         |                                   design_1_axi_dma_0_0_axi_datamover_rd_status_cntl |          3 |          3 |       0 |    0 |     5 |      0 |      0 |          0 |
|             I_RESET                                                                                   |                                         design_1_axi_dma_0_0_axi_datamover_reset_12 |          2 |          2 |       0 |    0 |     3 |      0 |      0 |          0 |
|           GEN_S2MM_FULL.I_S2MM_FULL_WRAPPER                                                           |                                   design_1_axi_dma_0_0_axi_datamover_s2mm_full_wrap |        992 |        910 |       8 |   74 |  1373 |      1 |      1 |          0 |
|             ENABLE_AXIS_SKID.I_S2MM_STRM_SKID_BUF                                                     |                         design_1_axi_dma_0_0_axi_datamover_skid_buf__parameterized0 |         79 |         79 |       0 |    0 |   152 |      0 |      0 |          0 |
|             GEN_ENABLE_INDET_BTT_SF.I_INDET_BTT                                                       |                                        design_1_axi_dma_0_0_axi_datamover_indet_btt |        202 |        194 |       8 |    0 |   270 |      1 |      1 |          0 |
|               (GEN_ENABLE_INDET_BTT_SF.I_INDET_BTT)                                                   |                                        design_1_axi_dma_0_0_axi_datamover_indet_btt |         11 |         11 |       0 |    0 |    15 |      0 |      0 |          0 |
|               ENABLE_AXIS_SKID.I_INDET_BTT_SKID_BUF                                                   |                         design_1_axi_dma_0_0_axi_datamover_skid_buf__parameterized1 |         79 |         79 |       0 |    0 |   160 |      0 |      0 |          0 |
|               I_DATA_FIFO                                                                             |                     design_1_axi_dma_0_0_axi_datamover_sfifo_autord__parameterized1 |         52 |         52 |       0 |    0 |    39 |      1 |      1 |          0 |
|                 BLK_MEM.I_SYNC_FIFOGEN_FIFO                                                           |                                   design_1_axi_dma_0_0_sync_fifo_fg__parameterized1 |         52 |         52 |       0 |    0 |    39 |      1 |      1 |          0 |
|                   (BLK_MEM.I_SYNC_FIFOGEN_FIFO)                                                       |                                   design_1_axi_dma_0_0_sync_fifo_fg__parameterized1 |          8 |          8 |       0 |    0 |     0 |      0 |      0 |          0 |
|                   xpm_fifo_instance.xpm_fifo_sync_inst                                                |                                  design_1_axi_dma_0_0_xpm_fifo_sync__parameterized3 |         44 |         44 |       0 |    0 |    39 |      1 |      1 |          0 |
|                     xpm_fifo_base_inst                                                                |                                  design_1_axi_dma_0_0_xpm_fifo_base__parameterized1 |         44 |         44 |       0 |    0 |    39 |      1 |      1 |          0 |
|                       (xpm_fifo_base_inst)                                                            |                                  design_1_axi_dma_0_0_xpm_fifo_base__parameterized1 |          3 |          3 |       0 |    0 |     5 |      0 |      0 |          0 |
|                       gen_sdpram.xpm_memory_base_inst                                                 |                                design_1_axi_dma_0_0_xpm_memory_base__parameterized1 |          2 |          2 |       0 |    0 |     0 |      1 |      1 |          0 |
|                       rdp_inst                                                                        |                               design_1_axi_dma_0_0_xpm_counter_updn__parameterized2 |         14 |         14 |       0 |    0 |     7 |      0 |      0 |          0 |
|                       rdpp1_inst                                                                      |                               design_1_axi_dma_0_0_xpm_counter_updn__parameterized3 |          7 |          7 |       0 |    0 |     7 |      0 |      0 |          0 |
|                       rst_d1_inst                                                                     |                                             design_1_axi_dma_0_0_xpm_fifo_reg_bit_8 |          1 |          1 |       0 |    0 |     1 |      0 |      0 |          0 |
|                       wrp_inst                                                                        |                             design_1_axi_dma_0_0_xpm_counter_updn__parameterized2_9 |         10 |         10 |       0 |    0 |     7 |      0 |      0 |          0 |
|                       wrpp1_inst                                                                      |                            design_1_axi_dma_0_0_xpm_counter_updn__parameterized3_10 |          6 |          6 |       0 |    0 |     7 |      0 |      0 |          0 |
|                       xpm_fifo_rst_inst                                                               |                                                design_1_axi_dma_0_0_xpm_fifo_rst_11 |          2 |          2 |       0 |    0 |     5 |      0 |      0 |          0 |
|               I_XD_FIFO                                                                               |                     design_1_axi_dma_0_0_axi_datamover_sfifo_autord__parameterized0 |         60 |         52 |       8 |    0 |    56 |      0 |      0 |          0 |
|                 NON_BLK_MEM.I_SYNC_FIFOGEN_FIFO                                                       |                                   design_1_axi_dma_0_0_sync_fifo_fg__parameterized0 |         60 |         52 |       8 |    0 |    56 |      0 |      0 |          0 |
|                   (NON_BLK_MEM.I_SYNC_FIFOGEN_FIFO)                                                   |                                   design_1_axi_dma_0_0_sync_fifo_fg__parameterized0 |         16 |         16 |       0 |    0 |     0 |      0 |      0 |          0 |
|                   xpm_fifo_instance.xpm_fifo_sync_inst                                                |                                  design_1_axi_dma_0_0_xpm_fifo_sync__parameterized1 |         44 |         36 |       8 |    0 |    56 |      0 |      0 |          0 |
|                     xpm_fifo_base_inst                                                                |                                  design_1_axi_dma_0_0_xpm_fifo_base__parameterized0 |         44 |         36 |       8 |    0 |    56 |      0 |      0 |          0 |
|                       (xpm_fifo_base_inst)                                                            |                                  design_1_axi_dma_0_0_xpm_fifo_base__parameterized0 |          3 |          3 |       0 |    0 |    10 |      0 |      0 |          0 |
|                       gen_fwft.rdpp1_inst                                                             |                               design_1_axi_dma_0_0_xpm_counter_updn__parameterized1 |          4 |          4 |       0 |    0 |     2 |      0 |      0 |          0 |
|                       gen_sdpram.xpm_memory_base_inst                                                 |                                design_1_axi_dma_0_0_xpm_memory_base__parameterized0 |          8 |          0 |       8 |    0 |    20 |      0 |      0 |          0 |
|                       rdp_inst                                                                        |                               design_1_axi_dma_0_0_xpm_counter_updn__parameterized6 |         11 |         11 |       0 |    0 |     5 |      0 |      0 |          0 |
|                       rdpp1_inst                                                                      |                               design_1_axi_dma_0_0_xpm_counter_updn__parameterized7 |          3 |          3 |       0 |    0 |     4 |      0 |      0 |          0 |
|                       rst_d1_inst                                                                     |                                               design_1_axi_dma_0_0_xpm_fifo_reg_bit |          1 |          1 |       0 |    0 |     1 |      0 |      0 |          0 |
|                       wrp_inst                                                                        |                             design_1_axi_dma_0_0_xpm_counter_updn__parameterized6_6 |         10 |         10 |       0 |    0 |     5 |      0 |      0 |          0 |
|                       wrpp1_inst                                                                      |                             design_1_axi_dma_0_0_xpm_counter_updn__parameterized7_7 |          3 |          3 |       0 |    0 |     4 |      0 |      0 |          0 |
|                       xpm_fifo_rst_inst                                                               |                                                   design_1_axi_dma_0_0_xpm_fifo_rst |          2 |          2 |       0 |    0 |     5 |      0 |      0 |          0 |
|             GEN_INCLUDE_IBTTCC.I_S2MM_MSTR_IBTTCC                                                     |                                           design_1_axi_dma_0_0_axi_datamover_ibttcc |        158 |        158 |       0 |    0 |   251 |      0 |      0 |          0 |
|             GEN_INCLUDE_REALIGNER.I_S2MM_REALIGNER                                                    |                                     design_1_axi_dma_0_0_axi_datamover_s2mm_realign |        291 |        264 |       0 |   27 |   272 |      0 |      0 |          0 |
|               (GEN_INCLUDE_REALIGNER.I_S2MM_REALIGNER)                                                |                                     design_1_axi_dma_0_0_axi_datamover_s2mm_realign |          0 |          0 |       0 |    0 |     7 |      0 |      0 |          0 |
|               GEN_INCLUDE_SCATTER.I_S2MM_SCATTER                                                      |                                     design_1_axi_dma_0_0_axi_datamover_s2mm_scatter |        259 |        249 |       0 |   10 |   258 |      0 |      0 |          0 |
|                 (GEN_INCLUDE_SCATTER.I_S2MM_SCATTER)                                                  |                                     design_1_axi_dma_0_0_axi_datamover_s2mm_scatter |         88 |         88 |       0 |    0 |    75 |      0 |      0 |          0 |
|                 I_MSSAI_SKID_BUF                                                                      |                                   design_1_axi_dma_0_0_axi_datamover_mssai_skid_buf |        107 |        107 |       0 |    0 |   156 |      0 |      0 |          0 |
|                 I_TSTRB_FIFO                                                                          |                             design_1_axi_dma_0_0_axi_datamover_fifo__parameterized8 |         37 |         27 |       0 |   10 |    10 |      0 |      0 |          0 |
|                   (I_TSTRB_FIFO)                                                                      |                             design_1_axi_dma_0_0_axi_datamover_fifo__parameterized8 |          2 |          2 |       0 |    0 |     4 |      0 |      0 |          0 |
|                   USE_SRL_FIFO.I_SYNC_FIFO                                                            |                                     design_1_axi_dma_0_0_srl_fifo_f__parameterized5 |         35 |         25 |       0 |   10 |     6 |      0 |      0 |          0 |
|                     I_SRL_FIFO_RBU_F                                                                  |                                 design_1_axi_dma_0_0_srl_fifo_rbu_f__parameterized5 |         35 |         25 |       0 |   10 |     6 |      0 |      0 |          0 |
|                       (I_SRL_FIFO_RBU_F)                                                              |                                 design_1_axi_dma_0_0_srl_fifo_rbu_f__parameterized5 |          0 |          0 |       0 |    0 |     1 |      0 |      0 |          0 |
|                       CNTR_INCR_DECR_ADDN_F_I                                                         |                          design_1_axi_dma_0_0_cntr_incr_decr_addn_f__parameterized1 |          7 |          7 |       0 |    0 |     5 |      0 |      0 |          0 |
|                       DYNSHREG_F_I                                                                    |                                     design_1_axi_dma_0_0_dynshreg_f__parameterized5 |         28 |         18 |       0 |   10 |     0 |      0 |      0 |          0 |
|                 SLICE_INSERTION                                                                       |                                            design_1_axi_dma_0_0_axi_datamover_slice |         28 |         28 |       0 |    0 |    17 |      0 |      0 |          0 |
|               I_DRE_CNTL_FIFO                                                                         |                             design_1_axi_dma_0_0_axi_datamover_fifo__parameterized7 |         33 |         16 |       0 |   17 |     7 |      0 |      0 |          0 |
|                 (I_DRE_CNTL_FIFO)                                                                     |                             design_1_axi_dma_0_0_axi_datamover_fifo__parameterized7 |          2 |          2 |       0 |    0 |     3 |      0 |      0 |          0 |
|                 USE_SRL_FIFO.I_SYNC_FIFO                                                              |                                     design_1_axi_dma_0_0_srl_fifo_f__parameterized4 |         31 |         14 |       0 |   17 |     4 |      0 |      0 |          0 |
|                   I_SRL_FIFO_RBU_F                                                                    |                                 design_1_axi_dma_0_0_srl_fifo_rbu_f__parameterized4 |         31 |         14 |       0 |   17 |     4 |      0 |      0 |          0 |
|                     (I_SRL_FIFO_RBU_F)                                                                |                                 design_1_axi_dma_0_0_srl_fifo_rbu_f__parameterized4 |          0 |          0 |       0 |    0 |     1 |      0 |      0 |          0 |
|                     CNTR_INCR_DECR_ADDN_F_I                                                           |                                        design_1_axi_dma_0_0_cntr_incr_decr_addn_f_5 |          7 |          7 |       0 |    0 |     3 |      0 |      0 |          0 |
|                     DYNSHREG_F_I                                                                      |                                     design_1_axi_dma_0_0_dynshreg_f__parameterized4 |         24 |          7 |       0 |   17 |     0 |      0 |      0 |          0 |
|             I_ADDR_CNTL                                                                               |                        design_1_axi_dma_0_0_axi_datamover_addr_cntl__parameterized0 |         31 |         10 |       0 |   21 |    51 |      0 |      0 |          0 |
|               (I_ADDR_CNTL)                                                                           |                        design_1_axi_dma_0_0_axi_datamover_addr_cntl__parameterized0 |          1 |          1 |       0 |    0 |    45 |      0 |      0 |          0 |
|               GEN_ADDR_FIFO.I_ADDR_QUAL_FIFO                                                          |                             design_1_axi_dma_0_0_axi_datamover_fifo__parameterized1 |         30 |          9 |       0 |   21 |     6 |      0 |      0 |          0 |
|                 (GEN_ADDR_FIFO.I_ADDR_QUAL_FIFO)                                                      |                             design_1_axi_dma_0_0_axi_datamover_fifo__parameterized1 |          1 |          1 |       0 |    0 |     2 |      0 |      0 |          0 |
|                 USE_SRL_FIFO.I_SYNC_FIFO                                                              |                                                     design_1_axi_dma_0_0_srl_fifo_f |         29 |          8 |       0 |   21 |     4 |      0 |      0 |          0 |
|                   I_SRL_FIFO_RBU_F                                                                    |                                                 design_1_axi_dma_0_0_srl_fifo_rbu_f |         29 |          8 |       0 |   21 |     4 |      0 |      0 |          0 |
|                     (I_SRL_FIFO_RBU_F)                                                                |                                                 design_1_axi_dma_0_0_srl_fifo_rbu_f |          1 |          1 |       0 |    0 |     1 |      0 |      0 |          0 |
|                     CNTR_INCR_DECR_ADDN_F_I                                                           |                                        design_1_axi_dma_0_0_cntr_incr_decr_addn_f_4 |          5 |          5 |       0 |    0 |     3 |      0 |      0 |          0 |
|                     DYNSHREG_F_I                                                                      |                                                     design_1_axi_dma_0_0_dynshreg_f |         23 |          2 |       0 |   21 |     0 |      0 |      0 |          0 |
|             I_CMD_STATUS                                                                              |                       design_1_axi_dma_0_0_axi_datamover_cmd_status__parameterized0 |         20 |         20 |       0 |    0 |    97 |      0 |      0 |          0 |
|               GEN_INCLUDE_STATUS_FIFO.I_STS_FIFO                                                      |                             design_1_axi_dma_0_0_axi_datamover_fifo__parameterized4 |         18 |         18 |       0 |    0 |    34 |      0 |      0 |          0 |
|               I_CMD_FIFO                                                                              |                                             design_1_axi_dma_0_0_axi_datamover_fifo |          2 |          2 |       0 |    0 |    63 |      0 |      0 |          0 |
|             I_RESET                                                                                   |                                            design_1_axi_dma_0_0_axi_datamover_reset |          3 |          3 |       0 |    0 |     3 |      0 |      0 |          0 |
|             I_S2MM_MMAP_SKID_BUF                                                                      |                                      design_1_axi_dma_0_0_axi_datamover_skid2mm_buf |         66 |         66 |       0 |    0 |   150 |      0 |      0 |          0 |
|             I_WR_DATA_CNTL                                                                            |                                      design_1_axi_dma_0_0_axi_datamover_wrdata_cntl |         96 |         88 |       0 |    8 |    69 |      0 |      0 |          0 |
|               (I_WR_DATA_CNTL)                                                                        |                                      design_1_axi_dma_0_0_axi_datamover_wrdata_cntl |         63 |         63 |       0 |    0 |    63 |      0 |      0 |          0 |
|               GEN_DATA_CNTL_FIFO.I_DATA_CNTL_FIFO                                                     |                             design_1_axi_dma_0_0_axi_datamover_fifo__parameterized9 |         30 |         22 |       0 |    8 |     6 |      0 |      0 |          0 |
|                 (GEN_DATA_CNTL_FIFO.I_DATA_CNTL_FIFO)                                                 |                             design_1_axi_dma_0_0_axi_datamover_fifo__parameterized9 |          1 |          1 |       0 |    0 |     2 |      0 |      0 |          0 |
|                 USE_SRL_FIFO.I_SYNC_FIFO                                                              |                                     design_1_axi_dma_0_0_srl_fifo_f__parameterized6 |         29 |         21 |       0 |    8 |     4 |      0 |      0 |          0 |
|                   I_SRL_FIFO_RBU_F                                                                    |                                 design_1_axi_dma_0_0_srl_fifo_rbu_f__parameterized6 |         29 |         21 |       0 |    8 |     4 |      0 |      0 |          0 |
|                     (I_SRL_FIFO_RBU_F)                                                                |                                 design_1_axi_dma_0_0_srl_fifo_rbu_f__parameterized6 |          1 |          1 |       0 |    0 |     1 |      0 |      0 |          0 |
|                     CNTR_INCR_DECR_ADDN_F_I                                                           |                                          design_1_axi_dma_0_0_cntr_incr_decr_addn_f |         13 |         13 |       0 |    0 |     3 |      0 |      0 |          0 |
|                     DYNSHREG_F_I                                                                      |                                     design_1_axi_dma_0_0_dynshreg_f__parameterized6 |         16 |          8 |       0 |    8 |     0 |      0 |      0 |          0 |
|               GEN_INDET_BTT.I_STRT_STRB_GEN                                                           |                        design_1_axi_dma_0_0_axi_datamover_strb_gen2__parameterized1 |          3 |          3 |       0 |    0 |     0 |      0 |      0 |          0 |
|             I_WR_STATUS_CNTLR                                                                         |                                   design_1_axi_dma_0_0_axi_datamover_wr_status_cntl |         57 |         39 |       0 |   18 |    58 |      0 |      0 |          0 |
|               (I_WR_STATUS_CNTLR)                                                                     |                                   design_1_axi_dma_0_0_axi_datamover_wr_status_cntl |          5 |          5 |       0 |    0 |    43 |      0 |      0 |          0 |
|               GEN_ENABLE_INDET_BTT.I_SF_DATA_CNTL_STATUS_FIFO                                         |                             design_1_axi_dma_0_0_axi_datamover_fifo__parameterized6 |         30 |         14 |       0 |   16 |     7 |      0 |      0 |          0 |
|                 (GEN_ENABLE_INDET_BTT.I_SF_DATA_CNTL_STATUS_FIFO)                                     |                             design_1_axi_dma_0_0_axi_datamover_fifo__parameterized6 |          1 |          1 |       0 |    0 |     2 |      0 |      0 |          0 |
|                 USE_SRL_FIFO.I_SYNC_FIFO                                                              |                                     design_1_axi_dma_0_0_srl_fifo_f__parameterized3 |         29 |         13 |       0 |   16 |     5 |      0 |      0 |          0 |
|                   I_SRL_FIFO_RBU_F                                                                    |                                 design_1_axi_dma_0_0_srl_fifo_rbu_f__parameterized3 |         29 |         13 |       0 |   16 |     5 |      0 |      0 |          0 |
|                     (I_SRL_FIFO_RBU_F)                                                                |                                 design_1_axi_dma_0_0_srl_fifo_rbu_f__parameterized3 |          0 |          0 |       0 |    0 |     1 |      0 |      0 |          0 |
|                     CNTR_INCR_DECR_ADDN_F_I                                                           |                        design_1_axi_dma_0_0_cntr_incr_decr_addn_f__parameterized0_3 |          4 |          4 |       0 |    0 |     4 |      0 |      0 |          0 |
|                     DYNSHREG_F_I                                                                      |                                     design_1_axi_dma_0_0_dynshreg_f__parameterized3 |         25 |          9 |       0 |   16 |     0 |      0 |      0 |          0 |
|               I_WRESP_STATUS_FIFO                                                                     |                             design_1_axi_dma_0_0_axi_datamover_fifo__parameterized5 |         22 |         20 |       0 |    2 |     8 |      0 |      0 |          0 |
|                 (I_WRESP_STATUS_FIFO)                                                                 |                             design_1_axi_dma_0_0_axi_datamover_fifo__parameterized5 |          6 |          6 |       0 |    0 |     3 |      0 |      0 |          0 |
|                 USE_SRL_FIFO.I_SYNC_FIFO                                                              |                                     design_1_axi_dma_0_0_srl_fifo_f__parameterized2 |         16 |         14 |       0 |    2 |     5 |      0 |      0 |          0 |
|                   I_SRL_FIFO_RBU_F                                                                    |                                 design_1_axi_dma_0_0_srl_fifo_rbu_f__parameterized2 |         16 |         14 |       0 |    2 |     5 |      0 |      0 |          0 |
|                     (I_SRL_FIFO_RBU_F)                                                                |                                 design_1_axi_dma_0_0_srl_fifo_rbu_f__parameterized2 |          7 |          7 |       0 |    0 |     1 |      0 |      0 |          0 |
|                     CNTR_INCR_DECR_ADDN_F_I                                                           |                          design_1_axi_dma_0_0_cntr_incr_decr_addn_f__parameterized0 |          6 |          6 |       0 |    0 |     4 |      0 |      0 |          0 |
|                     DYNSHREG_F_I                                                                      |                                     design_1_axi_dma_0_0_dynshreg_f__parameterized2 |          4 |          2 |       0 |    2 |     0 |      0 |      0 |          0 |
|         I_RST_MODULE                                                                                  |                                             design_1_axi_dma_0_0_axi_dma_rst_module |         18 |         18 |       0 |    0 |    38 |      0 |      0 |          0 |
|           (I_RST_MODULE)                                                                              |                                             design_1_axi_dma_0_0_axi_dma_rst_module |          1 |          1 |       0 |    0 |     2 |      0 |      0 |          0 |
|           GEN_RESET_FOR_MM2S.RESET_I                                                                  |                                                  design_1_axi_dma_0_0_axi_dma_reset |         10 |         10 |       0 |    0 |    15 |      0 |      0 |          0 |
|           GEN_RESET_FOR_S2MM.RESET_I                                                                  |                                                design_1_axi_dma_0_0_axi_dma_reset_1 |          9 |          9 |       0 |    0 |    13 |      0 |      0 |          0 |
|           REG_HRD_RST                                                                                 |                                                       design_1_axi_dma_0_0_cdc_sync |          0 |          0 |       0 |    0 |     4 |      0 |      0 |          0 |
|           REG_HRD_RST_OUT                                                                             |                                                     design_1_axi_dma_0_0_cdc_sync_2 |          0 |          0 |       0 |    0 |     4 |      0 |      0 |          0 |
|     matrix_mult_top_0                                                                                 |                                                        design_1_matrix_mult_top_0_0 |       8653 |       8653 |       0 |    0 | 11106 |      0 |      0 |        170 |
|       inst                                                                                            |                                        design_1_matrix_mult_top_0_0_matrix_mult_top |       8653 |       8653 |       0 |    0 | 11106 |      0 |      0 |        170 |
|         (inst)                                                                                        |                                        design_1_matrix_mult_top_0_0_matrix_mult_top |         68 |         68 |       0 |    0 |    47 |      0 |      0 |          0 |
|         ata_inst                                                                                      |                                         design_1_matrix_mult_top_0_0_ata_lower_bank |       7584 |       7584 |       0 |    0 |  9792 |      0 |      0 |        153 |
|         atb_inst                                                                                      |                                               design_1_matrix_mult_top_0_0_atb_bank |        864 |        864 |       0 |    0 |  1088 |      0 |      0 |         17 |
|         axis_inst                                                                                     |                                          design_1_matrix_mult_top_0_0_lr_input_axis |         77 |         77 |       0 |    0 |    68 |      0 |      0 |          0 |
|         ctrl_inst                                                                                     |                                           design_1_matrix_mult_top_0_0_lr_ctrl_axil |         60 |         60 |       0 |    0 |   111 |      0 |      0 |          0 |
|     proc_sys_reset_0                                                                                  |                                                         design_1_proc_sys_reset_0_0 |         17 |         16 |       0 |    1 |    33 |      0 |      0 |          0 |
|       U0                                                                                              |                                          design_1_proc_sys_reset_0_0_proc_sys_reset |         17 |         16 |       0 |    1 |    33 |      0 |      0 |          0 |
|         (U0)                                                                                          |                                          design_1_proc_sys_reset_0_0_proc_sys_reset |          0 |          0 |       0 |    0 |     1 |      0 |      0 |          0 |
|         EXT_LPF                                                                                       |                                                     design_1_proc_sys_reset_0_0_lpf |          5 |          4 |       0 |    1 |    17 |      0 |      0 |          0 |
|           (EXT_LPF)                                                                                   |                                                     design_1_proc_sys_reset_0_0_lpf |          2 |          1 |       0 |    1 |     9 |      0 |      0 |          0 |
|           ACTIVE_LOW_AUX.ACT_LO_AUX                                                                   |                                                design_1_proc_sys_reset_0_0_cdc_sync |          1 |          1 |       0 |    0 |     4 |      0 |      0 |          0 |
|           ACTIVE_LOW_EXT.ACT_LO_EXT                                                                   |                                              design_1_proc_sys_reset_0_0_cdc_sync_0 |          2 |          2 |       0 |    0 |     4 |      0 |      0 |          0 |
|         SEQ                                                                                           |                                            design_1_proc_sys_reset_0_0_sequence_psr |         12 |         12 |       0 |    0 |    15 |      0 |      0 |          0 |
|           (SEQ)                                                                                       |                                            design_1_proc_sys_reset_0_0_sequence_psr |          7 |          7 |       0 |    0 |     9 |      0 |      0 |          0 |
|           SEQ_COUNTER                                                                                 |                                                 design_1_proc_sys_reset_0_0_upcnt_n |          5 |          5 |       0 |    0 |     6 |      0 |      0 |          0 |
|     processing_system7_0                                                                              |                                                     design_1_processing_system7_0_0 |          0 |          0 |       0 |    0 |     0 |      0 |      0 |          0 |
|       inst                                                                                            |          design_1_processing_system7_0_0_processing_system7_v5_5_processing_system7 |          0 |          0 |       0 |    0 |     0 |      0 |      0 |          0 |
|     smartconnect_0                                                                                    |                                                           design_1_smartconnect_0_0 |       3850 |       2389 |    1428 |   33 |  6895 |      0 |      0 |          0 |
|       (smartconnect_0)                                                                                |                                                           design_1_smartconnect_0_0 |          0 |          0 |       0 |    0 |     0 |      0 |      0 |          0 |
|       inst                                                                                            |                                                   design_1_smartconnect_0_0_bd_48ac |       3850 |       2389 |    1428 |   33 |  6895 |      0 |      0 |          0 |
|         clk_map                                                                                       |                                       design_1_smartconnect_0_0_clk_map_imp_1NMB928 |         13 |         12 |       0 |    1 |    22 |      0 |      0 |          0 |
|           psr_aclk                                                                                    |                                        design_1_smartconnect_0_0_bd_48ac_psr_aclk_0 |         13 |         12 |       0 |    1 |    22 |      0 |      0 |          0 |
|             U0                                                                                        |                                            design_1_smartconnect_0_0_proc_sys_reset |         13 |         12 |       0 |    1 |    22 |      0 |      0 |          0 |
|               (U0)                                                                                    |                                            design_1_smartconnect_0_0_proc_sys_reset |          0 |          0 |       0 |    0 |     1 |      0 |      0 |          0 |
|               EXT_LPF                                                                                 |                                                       design_1_smartconnect_0_0_lpf |          3 |          2 |       0 |    1 |     6 |      0 |      0 |          0 |
|                 (EXT_LPF)                                                                             |                                                       design_1_smartconnect_0_0_lpf |          2 |          1 |       0 |    1 |     2 |      0 |      0 |          0 |
|                 ACTIVE_LOW_AUX.ACT_LO_AUX                                                             |                                                  design_1_smartconnect_0_0_cdc_sync |          1 |          1 |       0 |    0 |     4 |      0 |      0 |          0 |
|               SEQ                                                                                     |                                              design_1_smartconnect_0_0_sequence_psr |         10 |         10 |       0 |    0 |    15 |      0 |      0 |          0 |
|                 (SEQ)                                                                                 |                                              design_1_smartconnect_0_0_sequence_psr |          5 |          5 |       0 |    0 |     9 |      0 |      0 |          0 |
|                 SEQ_COUNTER                                                                           |                                                   design_1_smartconnect_0_0_upcnt_n |          5 |          5 |       0 |    0 |     6 |      0 |      0 |          0 |
|         m00_exit_pipeline                                                                             |                              design_1_smartconnect_0_0_m00_exit_pipeline_imp_CVVFJV |        620 |        604 |       0 |   16 |   945 |      0 |      0 |          0 |
|           m00_exit                                                                                    |                                            design_1_smartconnect_0_0_bd_48ac_m00e_0 |        620 |        604 |       0 |   16 |   945 |      0 |      0 |          0 |
|             inst                                                                                      |                                       design_1_smartconnect_0_0_sc_exit_v1_0_14_top |        620 |        604 |       0 |   16 |   945 |      0 |      0 |          0 |
|               (inst)                                                                                  |                                       design_1_smartconnect_0_0_sc_exit_v1_0_14_top |          1 |          1 |       0 |    0 |     2 |      0 |      0 |          0 |
|               ar_reg                                                                                  |                          design_1_smartconnect_0_0_sc_util_v1_0_4_axi_reg_stall_114 |         32 |         32 |       0 |    0 |   102 |      0 |      0 |          0 |
|               aw_reg                                                                                  |                          design_1_smartconnect_0_0_sc_util_v1_0_4_axi_reg_stall_115 |         32 |         32 |       0 |    0 |   102 |      0 |      0 |          0 |
|               b_reg                                                                                   |                          design_1_smartconnect_0_0_sc_util_v1_0_4_axi_reg_stall_116 |         10 |         10 |       0 |    0 |     8 |      0 |      0 |          0 |
|               exit_inst                                                                               |                                      design_1_smartconnect_0_0_sc_exit_v1_0_14_exit |         47 |         38 |       0 |    9 |    26 |      0 |      0 |          0 |
|                 (exit_inst)                                                                           |                                      design_1_smartconnect_0_0_sc_exit_v1_0_14_exit |          0 |          0 |       0 |    0 |     1 |      0 |      0 |          0 |
|                 gen_r_cmd_fifo.r_cmd_fifo                                                             |          design_1_smartconnect_0_0_sc_util_v1_0_4_axic_reg_srl_fifo__parameterized2 |         30 |         23 |       0 |    7 |    15 |      0 |      0 |          0 |
|                   (gen_r_cmd_fifo.r_cmd_fifo)                                                         |          design_1_smartconnect_0_0_sc_util_v1_0_4_axic_reg_srl_fifo__parameterized2 |         16 |         16 |       0 |    0 |    15 |      0 |      0 |          0 |
|                   gen_srls[15].srl_nx1                                                                |                                design_1_smartconnect_0_0_sc_util_v1_0_4_srl_rtl_132 |          2 |          1 |       0 |    1 |     0 |      0 |      0 |          0 |
|                   gen_srls[16].srl_nx1                                                                |                                design_1_smartconnect_0_0_sc_util_v1_0_4_srl_rtl_133 |          3 |          2 |       0 |    1 |     0 |      0 |      0 |          0 |
|                   gen_srls[1].srl_nx1                                                                 |                                design_1_smartconnect_0_0_sc_util_v1_0_4_srl_rtl_134 |          2 |          1 |       0 |    1 |     0 |      0 |      0 |          0 |
|                   gen_srls[4].srl_nx1                                                                 |                                design_1_smartconnect_0_0_sc_util_v1_0_4_srl_rtl_135 |          2 |          1 |       0 |    1 |     0 |      0 |      0 |          0 |
|                   gen_srls[5].srl_nx1                                                                 |                                design_1_smartconnect_0_0_sc_util_v1_0_4_srl_rtl_136 |          2 |          1 |       0 |    1 |     0 |      0 |      0 |          0 |
|                   gen_srls[6].srl_nx1                                                                 |                                design_1_smartconnect_0_0_sc_util_v1_0_4_srl_rtl_137 |          2 |          1 |       0 |    1 |     0 |      0 |      0 |          0 |
|                   gen_srls[8].srl_nx1                                                                 |                                design_1_smartconnect_0_0_sc_util_v1_0_4_srl_rtl_138 |          2 |          1 |       0 |    1 |     0 |      0 |      0 |          0 |
|                 gen_w_cmd_fifo.w_cmd_fifo                                                             |          design_1_smartconnect_0_0_sc_util_v1_0_4_axic_reg_srl_fifo__parameterized3 |         17 |         15 |       0 |    2 |    10 |      0 |      0 |          0 |
|                   (gen_w_cmd_fifo.w_cmd_fifo)                                                         |          design_1_smartconnect_0_0_sc_util_v1_0_4_axic_reg_srl_fifo__parameterized3 |         15 |         15 |       0 |    0 |    10 |      0 |      0 |          0 |
|                   gen_srls[1].srl_nx1                                                                 |                                design_1_smartconnect_0_0_sc_util_v1_0_4_srl_rtl_130 |          1 |          0 |       0 |    1 |     0 |      0 |      0 |          0 |
|                   gen_srls[2].srl_nx1                                                                 |                                design_1_smartconnect_0_0_sc_util_v1_0_4_srl_rtl_131 |          2 |          1 |       0 |    1 |     0 |      0 |      0 |          0 |
|               r_reg                                                                                   |                          design_1_smartconnect_0_0_sc_util_v1_0_4_axi_reg_stall_117 |         41 |         41 |       0 |    0 |   138 |      0 |      0 |          0 |
|               splitter_inst                                                                           |                                  design_1_smartconnect_0_0_sc_exit_v1_0_14_splitter |        416 |        409 |       0 |    7 |   414 |      0 |      0 |          0 |
|                 (splitter_inst)                                                                       |                                  design_1_smartconnect_0_0_sc_exit_v1_0_14_splitter |          0 |          0 |       0 |    0 |     1 |      0 |      0 |          0 |
|                 gen_axi3.splitter_inst                                                                |                                 design_1_smartconnect_0_0_sc_exit_v1_0_14_axi3_conv |        416 |        409 |       0 |    7 |   413 |      0 |      0 |          0 |
|                   (gen_axi3.splitter_inst)                                                            |                                 design_1_smartconnect_0_0_sc_exit_v1_0_14_axi3_conv |         99 |         99 |       0 |    0 |   132 |      0 |      0 |          0 |
|                   ar_cmd_reg                                                                          |                          design_1_smartconnect_0_0_sc_util_v1_0_4_axi_reg_stall_119 |        122 |        122 |       0 |    0 |   126 |      0 |      0 |          0 |
|                   aw_cmd_reg                                                                          |                          design_1_smartconnect_0_0_sc_util_v1_0_4_axi_reg_stall_120 |        125 |        125 |       0 |    0 |   124 |      0 |      0 |          0 |
|                   gen_rsplitter.gen_rthread_loop[0].r_split_fifo                                      |                      design_1_smartconnect_0_0_sc_util_v1_0_4_axic_reg_srl_fifo_121 |         16 |         15 |       0 |    1 |     9 |      0 |      0 |          0 |
|                     (gen_rsplitter.gen_rthread_loop[0].r_split_fifo)                                  |                      design_1_smartconnect_0_0_sc_util_v1_0_4_axic_reg_srl_fifo_121 |         12 |         12 |       0 |    0 |     9 |      0 |      0 |          0 |
|                     gen_srls[0].srl_nx1                                                               |                                design_1_smartconnect_0_0_sc_util_v1_0_4_srl_rtl_129 |          5 |          4 |       0 |    1 |     0 |      0 |      0 |          0 |
|                   gen_wsplitter.gen_wthread_loop[0].b_split_fifo                                      |                      design_1_smartconnect_0_0_sc_util_v1_0_4_axic_reg_srl_fifo_122 |         19 |         18 |       0 |    1 |     9 |      0 |      0 |          0 |
|                     (gen_wsplitter.gen_wthread_loop[0].b_split_fifo)                                  |                      design_1_smartconnect_0_0_sc_util_v1_0_4_axic_reg_srl_fifo_122 |         15 |         15 |       0 |    0 |     9 |      0 |      0 |          0 |
|                     gen_srls[0].srl_nx1                                                               |                                design_1_smartconnect_0_0_sc_util_v1_0_4_srl_rtl_128 |          5 |          4 |       0 |    1 |     0 |      0 |      0 |          0 |
|                   gen_wsplitter.w_split_fifo                                                          |          design_1_smartconnect_0_0_sc_util_v1_0_4_axic_reg_srl_fifo__parameterized0 |         38 |         33 |       0 |    5 |    13 |      0 |      0 |          0 |
|                     (gen_wsplitter.w_split_fifo)                                                      |          design_1_smartconnect_0_0_sc_util_v1_0_4_axic_reg_srl_fifo__parameterized0 |         27 |         27 |       0 |    0 |    13 |      0 |      0 |          0 |
|                     gen_srls[0].srl_nx1                                                               |                                design_1_smartconnect_0_0_sc_util_v1_0_4_srl_rtl_123 |          3 |          2 |       0 |    1 |     0 |      0 |      0 |          0 |
|                     gen_srls[1].srl_nx1                                                               |                                design_1_smartconnect_0_0_sc_util_v1_0_4_srl_rtl_124 |          2 |          1 |       0 |    1 |     0 |      0 |      0 |          0 |
|                     gen_srls[2].srl_nx1                                                               |                                design_1_smartconnect_0_0_sc_util_v1_0_4_srl_rtl_125 |          2 |          1 |       0 |    1 |     0 |      0 |      0 |          0 |
|                     gen_srls[3].srl_nx1                                                               |                                design_1_smartconnect_0_0_sc_util_v1_0_4_srl_rtl_126 |          2 |          1 |       0 |    1 |     0 |      0 |      0 |          0 |
|                     gen_srls[4].srl_nx1                                                               |                                design_1_smartconnect_0_0_sc_util_v1_0_4_srl_rtl_127 |          3 |          2 |       0 |    1 |     0 |      0 |      0 |          0 |
|               w_reg                                                                                   |                          design_1_smartconnect_0_0_sc_util_v1_0_4_axi_reg_stall_118 |         42 |         42 |       0 |    0 |   150 |      0 |      0 |          0 |
|               xpm_cdc_async_rst_inst                                                                  |                                      design_1_smartconnect_0_0_xpm_cdc_async_rst__1 |          1 |          1 |       0 |    0 |     3 |      0 |      0 |          0 |
|         m00_nodes                                                                                     |                                      design_1_smartconnect_0_0_m00_nodes_imp_Z1B1P3 |       1306 |        585 |     720 |    1 |  1662 |      0 |      0 |          0 |
|           m00_ar_node                                                                                 |                                          design_1_smartconnect_0_0_bd_48ac_m00arn_0 |        128 |         72 |      56 |    0 |   121 |      0 |      0 |          0 |
|             inst                                                                                      |                                       design_1_smartconnect_0_0_sc_node_v1_0_15_top |        128 |         72 |      56 |    0 |   121 |      0 |      0 |          0 |
|               (inst)                                                                                  |                                       design_1_smartconnect_0_0_sc_node_v1_0_15_top |          3 |          3 |       0 |    0 |     1 |      0 |      0 |          0 |
|               inst_mi_handler                                                                         |                                design_1_smartconnect_0_0_sc_node_v1_0_15_mi_handler |        118 |         62 |      56 |    0 |   110 |      0 |      0 |          0 |
|                 (inst_mi_handler)                                                                     |                                design_1_smartconnect_0_0_sc_node_v1_0_15_mi_handler |          0 |          0 |       0 |    0 |     2 |      0 |      0 |          0 |
|                 gen_normal_area.gen_node_prog_full.inst_node_prog_full                                |                           design_1_smartconnect_0_0_sc_node_v1_0_15_fifo__xdcDup__1 |         36 |         36 |       0 |    0 |    21 |      0 |      0 |          0 |
|                   gen_xpm_memory_fifo.inst_fifo                                                       |                 design_1_smartconnect_0_0_sc_util_v1_0_4_xpm_memory_fifo__xdcDup__1 |         36 |         36 |       0 |    0 |    21 |      0 |      0 |          0 |
|                     (gen_xpm_memory_fifo.inst_fifo)                                                   |                 design_1_smartconnect_0_0_sc_util_v1_0_4_xpm_memory_fifo__xdcDup__1 |          5 |          5 |       0 |    0 |     3 |      0 |      0 |          0 |
|                     gen_mem_rep[0].inst_rd_addrb                                                      |                design_1_smartconnect_0_0_sc_util_v1_0_4_counter__parameterized0_111 |          6 |          6 |       0 |    0 |     6 |      0 |      0 |          0 |
|                     gen_mem_rep[0].inst_wr_addra                                                      |                design_1_smartconnect_0_0_sc_util_v1_0_4_counter__parameterized0_112 |          5 |          5 |       0 |    0 |     6 |      0 |      0 |          0 |
|                     gen_wr.inst_wr_addra_p1                                                           |                design_1_smartconnect_0_0_sc_util_v1_0_4_counter__parameterized1_113 |         20 |         20 |       0 |    0 |     6 |      0 |      0 |          0 |
|                 gen_normal_area.inst_fifo_node_payld                                                  |           design_1_smartconnect_0_0_sc_node_v1_0_15_fifo__parameterized0__xdcDup__1 |         83 |         27 |      56 |    0 |    86 |      0 |      0 |          0 |
|                   gen_xpm_memory_fifo.inst_fifo                                                       | design_1_smartconnect_0_0_sc_util_v1_0_4_xpm_memory_fifo__parameterized0__xdcDup__1 |         83 |         27 |      56 |    0 |    86 |      0 |      0 |          0 |
|                     (gen_xpm_memory_fifo.inst_fifo)                                                   | design_1_smartconnect_0_0_sc_util_v1_0_4_xpm_memory_fifo__parameterized0__xdcDup__1 |          4 |          4 |       0 |    0 |     3 |      0 |      0 |          0 |
|                     gen_mem_rep[0].inst_rd_addrb                                                      |                design_1_smartconnect_0_0_sc_util_v1_0_4_counter__parameterized0_108 |          6 |          6 |       0 |    0 |     6 |      0 |      0 |          0 |
|                     gen_mem_rep[0].inst_wr_addra                                                      |                design_1_smartconnect_0_0_sc_util_v1_0_4_counter__parameterized0_109 |          4 |          4 |       0 |    0 |     6 |      0 |      0 |          0 |
|                     gen_mem_rep[0].inst_xpm_memory                                                    |                         design_1_smartconnect_0_0_xpm_memory_sdpram__parameterized0 |         56 |          0 |      56 |    0 |    65 |      0 |      0 |          0 |
|                       xpm_memory_base_inst                                                            |                           design_1_smartconnect_0_0_xpm_memory_base__parameterized0 |         56 |          0 |      56 |    0 |    65 |      0 |      0 |          0 |
|                     gen_wr.inst_wr_addra_p1                                                           |                design_1_smartconnect_0_0_sc_util_v1_0_4_counter__parameterized1_110 |         13 |         13 |       0 |    0 |     6 |      0 |      0 |          0 |
|                 inst_ingress                                                                          |                                   design_1_smartconnect_0_0_sc_node_v1_0_15_ingress |          0 |          0 |       0 |    0 |     1 |      0 |      0 |          0 |
|                   inst_pipeline_valid                                                                 |               design_1_smartconnect_0_0_sc_util_v1_0_4_pipeline__parameterized3_107 |          0 |          0 |       0 |    0 |     1 |      0 |      0 |          0 |
|               inst_si_handler                                                                         |                                design_1_smartconnect_0_0_sc_node_v1_0_15_si_handler |          6 |          6 |       0 |    0 |     7 |      0 |      0 |          0 |
|                 (inst_si_handler)                                                                     |                                design_1_smartconnect_0_0_sc_node_v1_0_15_si_handler |          0 |          0 |       0 |    0 |     1 |      0 |      0 |          0 |
|                 gen_si_handler.gen_arbiter_rr_normal_area.inst_arbiter                                |                            design_1_smartconnect_0_0_sc_node_v1_0_15_arb_alg_rr_105 |          4 |          4 |       0 |    0 |     3 |      0 |      0 |          0 |
|                 gen_si_handler.gen_request_counters.gen_req_counter[0].inst_req_counter               |                                design_1_smartconnect_0_0_sc_util_v1_0_4_counter_106 |          2 |          2 |       0 |    0 |     3 |      0 |      0 |          0 |
|               s_sc_xpm_cdc_async_rst_inst                                                             |                                     design_1_smartconnect_0_0_xpm_cdc_async_rst__26 |          1 |          1 |       0 |    0 |     3 |      0 |      0 |          0 |
|           m00_aw_node                                                                                 |                                          design_1_smartconnect_0_0_bd_48ac_m00awn_0 |        139 |         86 |      52 |    1 |   129 |      0 |      0 |          0 |
|             inst                                                                                      |                       design_1_smartconnect_0_0_sc_node_v1_0_15_top__parameterized0 |        139 |         86 |      52 |    1 |   129 |      0 |      0 |          0 |
|               (inst)                                                                                  |                       design_1_smartconnect_0_0_sc_node_v1_0_15_top__parameterized0 |          3 |          3 |       0 |    0 |     1 |      0 |      0 |          0 |
|               inst_mi_handler                                                                         |                design_1_smartconnect_0_0_sc_node_v1_0_15_mi_handler__parameterized0 |        114 |         62 |      52 |    0 |   110 |      0 |      0 |          0 |
|                 (inst_mi_handler)                                                                     |                design_1_smartconnect_0_0_sc_node_v1_0_15_mi_handler__parameterized0 |          0 |          0 |       0 |    0 |     2 |      0 |      0 |          0 |
|                 gen_normal_area.gen_node_prog_full.inst_node_prog_full                                |                           design_1_smartconnect_0_0_sc_node_v1_0_15_fifo__xdcDup__2 |         36 |         36 |       0 |    0 |    21 |      0 |      0 |          0 |
|                   gen_xpm_memory_fifo.inst_fifo                                                       |                 design_1_smartconnect_0_0_sc_util_v1_0_4_xpm_memory_fifo__xdcDup__2 |         36 |         36 |       0 |    0 |    21 |      0 |      0 |          0 |
|                     (gen_xpm_memory_fifo.inst_fifo)                                                   |                 design_1_smartconnect_0_0_sc_util_v1_0_4_xpm_memory_fifo__xdcDup__2 |          4 |          4 |       0 |    0 |     3 |      0 |      0 |          0 |
|                     gen_mem_rep[0].inst_rd_addrb                                                      |                design_1_smartconnect_0_0_sc_util_v1_0_4_counter__parameterized0_102 |          6 |          6 |       0 |    0 |     6 |      0 |      0 |          0 |
|                     gen_mem_rep[0].inst_wr_addra                                                      |                design_1_smartconnect_0_0_sc_util_v1_0_4_counter__parameterized0_103 |          5 |          5 |       0 |    0 |     6 |      0 |      0 |          0 |
|                     gen_wr.inst_wr_addra_p1                                                           |                design_1_smartconnect_0_0_sc_util_v1_0_4_counter__parameterized1_104 |         21 |         21 |       0 |    0 |     6 |      0 |      0 |          0 |
|                 gen_normal_area.inst_fifo_node_payld                                                  |                      design_1_smartconnect_0_0_sc_node_v1_0_15_fifo__parameterized0 |         79 |         27 |      52 |    0 |    85 |      0 |      0 |          0 |
|                   gen_xpm_memory_fifo.inst_fifo                                                       |            design_1_smartconnect_0_0_sc_util_v1_0_4_xpm_memory_fifo__parameterized0 |         79 |         27 |      52 |    0 |    85 |      0 |      0 |          0 |
|                     (gen_xpm_memory_fifo.inst_fifo)                                                   |            design_1_smartconnect_0_0_sc_util_v1_0_4_xpm_memory_fifo__parameterized0 |          4 |          4 |       0 |    0 |     3 |      0 |      0 |          0 |
|                     gen_mem_rep[0].inst_rd_addrb                                                      |                 design_1_smartconnect_0_0_sc_util_v1_0_4_counter__parameterized0_99 |          6 |          6 |       0 |    0 |     6 |      0 |      0 |          0 |
|                     gen_mem_rep[0].inst_wr_addra                                                      |                design_1_smartconnect_0_0_sc_util_v1_0_4_counter__parameterized0_100 |          4 |          4 |       0 |    0 |     6 |      0 |      0 |          0 |
|                     gen_mem_rep[0].inst_xpm_memory                                                    |                      design_1_smartconnect_0_0_xpm_memory_sdpram__parameterized0__2 |         52 |          0 |      52 |    0 |    64 |      0 |      0 |          0 |
|                       xpm_memory_base_inst                                                            |                        design_1_smartconnect_0_0_xpm_memory_base__parameterized0__2 |         52 |          0 |      52 |    0 |    64 |      0 |      0 |          0 |
|                     gen_wr.inst_wr_addra_p1                                                           |                design_1_smartconnect_0_0_sc_util_v1_0_4_counter__parameterized1_101 |         13 |         13 |       0 |    0 |     6 |      0 |      0 |          0 |
|                 inst_ingress                                                                          |                   design_1_smartconnect_0_0_sc_node_v1_0_15_ingress__parameterized0 |          0 |          0 |       0 |    0 |     2 |      0 |      0 |          0 |
|                   inst_pipeline_recv                                                                  |                design_1_smartconnect_0_0_sc_util_v1_0_4_pipeline__parameterized4_97 |          0 |          0 |       0 |    0 |     1 |      0 |      0 |          0 |
|                   inst_pipeline_valid                                                                 |                design_1_smartconnect_0_0_sc_util_v1_0_4_pipeline__parameterized3_98 |          0 |          0 |       0 |    0 |     1 |      0 |      0 |          0 |
|               inst_si_handler                                                                         |                design_1_smartconnect_0_0_sc_node_v1_0_15_si_handler__parameterized0 |         21 |         20 |       0 |    1 |    15 |      0 |      0 |          0 |
|                 (inst_si_handler)                                                                     |                design_1_smartconnect_0_0_sc_node_v1_0_15_si_handler__parameterized0 |          0 |          0 |       0 |    0 |     1 |      0 |      0 |          0 |
|                 gen_m_axis_arb_fifo.inst_axis_arb_fifo                                                |          design_1_smartconnect_0_0_sc_util_v1_0_4_axic_reg_srl_fifo__parameterized4 |         17 |         16 |       0 |    1 |     9 |      0 |      0 |          0 |
|                   (gen_m_axis_arb_fifo.inst_axis_arb_fifo)                                            |          design_1_smartconnect_0_0_sc_util_v1_0_4_axic_reg_srl_fifo__parameterized4 |         15 |         15 |       0 |    0 |     9 |      0 |      0 |          0 |
|                   gen_srls[1].srl_nx1                                                                 |                                 design_1_smartconnect_0_0_sc_util_v1_0_4_srl_rtl_96 |          3 |          2 |       0 |    1 |     0 |      0 |      0 |          0 |
|                 gen_si_handler.gen_arbiter_rr_normal_area.inst_arbiter                                |                                design_1_smartconnect_0_0_sc_node_v1_0_15_arb_alg_rr |          2 |          2 |       0 |    0 |     2 |      0 |      0 |          0 |
|                 gen_si_handler.gen_request_counters.gen_req_counter[1].inst_req_counter               |                                    design_1_smartconnect_0_0_sc_util_v1_0_4_counter |          2 |          2 |       0 |    0 |     3 |      0 |      0 |          0 |
|               s_sc_xpm_cdc_async_rst_inst                                                             |                                     design_1_smartconnect_0_0_xpm_cdc_async_rst__24 |          1 |          1 |       0 |    0 |     3 |      0 |      0 |          0 |
|           m00_b_node                                                                                  |                                           design_1_smartconnect_0_0_bd_48ac_m00bn_0 |         88 |         78 |      10 |    0 |    65 |      0 |      0 |          0 |
|             inst                                                                                      |                       design_1_smartconnect_0_0_sc_node_v1_0_15_top__parameterized1 |         88 |         78 |      10 |    0 |    65 |      0 |      0 |          0 |
|               (inst)                                                                                  |                       design_1_smartconnect_0_0_sc_node_v1_0_15_top__parameterized1 |          3 |          3 |       0 |    0 |     1 |      0 |      0 |          0 |
|               inst_mi_handler                                                                         |                design_1_smartconnect_0_0_sc_node_v1_0_15_mi_handler__parameterized1 |         84 |         74 |      10 |    0 |    60 |      0 |      0 |          0 |
|                 (inst_mi_handler)                                                                     |                design_1_smartconnect_0_0_sc_node_v1_0_15_mi_handler__parameterized1 |          0 |          0 |       0 |    0 |     2 |      0 |      0 |          0 |
|                 gen_normal_area.gen_fifo_req.inst_fifo_req                                            |                      design_1_smartconnect_0_0_sc_node_v1_0_15_fifo__parameterized1 |         32 |         28 |       4 |    0 |    22 |      0 |      0 |          0 |
|                   gen_xpm_memory_fifo.inst_fifo                                                       |            design_1_smartconnect_0_0_sc_util_v1_0_4_xpm_memory_fifo__parameterized1 |         32 |         28 |       4 |    0 |    22 |      0 |      0 |          0 |
|                     (gen_xpm_memory_fifo.inst_fifo)                                                   |            design_1_smartconnect_0_0_sc_util_v1_0_4_xpm_memory_fifo__parameterized1 |          4 |          4 |       0 |    0 |     3 |      0 |      0 |          0 |
|                     gen_mem_rep[0].inst_rd_addrb                                                      |                 design_1_smartconnect_0_0_sc_util_v1_0_4_counter__parameterized0_93 |          6 |          6 |       0 |    0 |     6 |      0 |      0 |          0 |
|                     gen_mem_rep[0].inst_wr_addra                                                      |                 design_1_smartconnect_0_0_sc_util_v1_0_4_counter__parameterized0_94 |          5 |          5 |       0 |    0 |     6 |      0 |      0 |          0 |
|                     gen_mem_rep[0].inst_xpm_memory                                                    |                         design_1_smartconnect_0_0_xpm_memory_sdpram__parameterized1 |          4 |          0 |       4 |    0 |     1 |      0 |      0 |          0 |
|                       xpm_memory_base_inst                                                            |                           design_1_smartconnect_0_0_xpm_memory_base__parameterized1 |          4 |          0 |       4 |    0 |     1 |      0 |      0 |          0 |
|                     gen_wr.inst_wr_addra_p1                                                           |                 design_1_smartconnect_0_0_sc_util_v1_0_4_counter__parameterized1_95 |         14 |         14 |       0 |    0 |     6 |      0 |      0 |          0 |
|                 gen_normal_area.inst_fifo_node_payld                                                  |                      design_1_smartconnect_0_0_sc_node_v1_0_15_fifo__parameterized2 |         45 |         39 |       6 |    0 |    28 |      0 |      0 |          0 |
|                   gen_xpm_memory_fifo.inst_fifo                                                       |            design_1_smartconnect_0_0_sc_util_v1_0_4_xpm_memory_fifo__parameterized2 |         45 |         39 |       6 |    0 |    28 |      0 |      0 |          0 |
|                     (gen_xpm_memory_fifo.inst_fifo)                                                   |            design_1_smartconnect_0_0_sc_util_v1_0_4_xpm_memory_fifo__parameterized2 |          5 |          5 |       0 |    0 |     4 |      0 |      0 |          0 |
|                     gen_mem_rep[0].inst_rd_addrb                                                      |                 design_1_smartconnect_0_0_sc_util_v1_0_4_counter__parameterized0_90 |          6 |          6 |       0 |    0 |     6 |      0 |      0 |          0 |
|                     gen_mem_rep[0].inst_wr_addra                                                      |                 design_1_smartconnect_0_0_sc_util_v1_0_4_counter__parameterized0_91 |          5 |          5 |       0 |    0 |     6 |      0 |      0 |          0 |
|                     gen_mem_rep[0].inst_xpm_memory                                                    |                         design_1_smartconnect_0_0_xpm_memory_sdpram__parameterized2 |          6 |          0 |       6 |    0 |     6 |      0 |      0 |          0 |
|                       xpm_memory_base_inst                                                            |                           design_1_smartconnect_0_0_xpm_memory_base__parameterized2 |          6 |          0 |       6 |    0 |     6 |      0 |      0 |          0 |
|                     gen_wr.inst_wr_addra_p1                                                           |                 design_1_smartconnect_0_0_sc_util_v1_0_4_counter__parameterized1_92 |         23 |         23 |       0 |    0 |     6 |      0 |      0 |          0 |
|                 gen_normal_area.inst_fifo_send                                                        |             design_1_smartconnect_0_0_sc_node_v1_0_15_reg_slice3__parameterized0_89 |          8 |          8 |       0 |    0 |     8 |      0 |      0 |          0 |
|               inst_si_handler                                                                         |             design_1_smartconnect_0_0_sc_node_v1_0_15_si_handler__parameterized1_88 |          1 |          1 |       0 |    0 |     1 |      0 |      0 |          0 |
|               s_sc_xpm_cdc_async_rst_inst                                                             |                                     design_1_smartconnect_0_0_xpm_cdc_async_rst__22 |          1 |          1 |       0 |    0 |     3 |      0 |      0 |          0 |
|           m00_r_node                                                                                  |                                           design_1_smartconnect_0_0_bd_48ac_m00rn_0 |        293 |         93 |     200 |    0 |   665 |      0 |      0 |          0 |
|             inst                                                                                      |                       design_1_smartconnect_0_0_sc_node_v1_0_15_top__parameterized2 |        293 |         93 |     200 |    0 |   665 |      0 |      0 |          0 |
|               (inst)                                                                                  |                       design_1_smartconnect_0_0_sc_node_v1_0_15_top__parameterized2 |          3 |          3 |       0 |    0 |     1 |      0 |      0 |          0 |
|               inst_mi_handler                                                                         |                design_1_smartconnect_0_0_sc_node_v1_0_15_mi_handler__parameterized2 |        288 |         88 |     200 |    0 |   660 |      0 |      0 |          0 |
|                 (inst_mi_handler)                                                                     |                design_1_smartconnect_0_0_sc_node_v1_0_15_mi_handler__parameterized2 |          0 |          0 |       0 |    0 |     2 |      0 |      0 |          0 |
|                 gen_normal_area.gen_fi_regulator.inst_fi_regulator                                    |                           design_1_smartconnect_0_0_sc_node_v1_0_15_fi_regulator_77 |          1 |          1 |       0 |    0 |     2 |      0 |      0 |          0 |
|                 gen_normal_area.gen_fifo_req.inst_fifo_req                                            |                      design_1_smartconnect_0_0_sc_node_v1_0_15_fifo__parameterized3 |         29 |         25 |       4 |    0 |    22 |      0 |      0 |          0 |
|                   gen_xpm_memory_fifo.inst_fifo                                                       |            design_1_smartconnect_0_0_sc_util_v1_0_4_xpm_memory_fifo__parameterized3 |         29 |         25 |       4 |    0 |    22 |      0 |      0 |          0 |
|                     (gen_xpm_memory_fifo.inst_fifo)                                                   |            design_1_smartconnect_0_0_sc_util_v1_0_4_xpm_memory_fifo__parameterized3 |          4 |          4 |       0 |    0 |     3 |      0 |      0 |          0 |
|                     gen_mem_rep[0].inst_rd_addrb                                                      |                 design_1_smartconnect_0_0_sc_util_v1_0_4_counter__parameterized0_85 |          6 |          6 |       0 |    0 |     6 |      0 |      0 |          0 |
|                     gen_mem_rep[0].inst_wr_addra                                                      |                 design_1_smartconnect_0_0_sc_util_v1_0_4_counter__parameterized0_86 |          4 |          4 |       0 |    0 |     6 |      0 |      0 |          0 |
|                     gen_mem_rep[0].inst_xpm_memory                                                    |                      design_1_smartconnect_0_0_xpm_memory_sdpram__parameterized1__1 |          4 |          0 |       4 |    0 |     1 |      0 |      0 |          0 |
|                       xpm_memory_base_inst                                                            |                        design_1_smartconnect_0_0_xpm_memory_base__parameterized1__1 |          4 |          0 |       4 |    0 |     1 |      0 |      0 |          0 |
|                     gen_wr.inst_wr_addra_p1                                                           |                 design_1_smartconnect_0_0_sc_util_v1_0_4_counter__parameterized1_87 |         12 |         12 |       0 |    0 |     6 |      0 |      0 |          0 |
|                 gen_normal_area.gen_upsizer.inst_upsizer                                              |                                   design_1_smartconnect_0_0_sc_node_v1_0_15_upsizer |         17 |         17 |       0 |    0 |   302 |      0 |      0 |          0 |
|                   (gen_normal_area.gen_upsizer.inst_upsizer)                                          |                                   design_1_smartconnect_0_0_sc_node_v1_0_15_upsizer |         16 |         16 |       0 |    0 |   297 |      0 |      0 |          0 |
|                   inst_upsizer_target_pipeline                                                        |                   design_1_smartconnect_0_0_sc_util_v1_0_4_pipeline__parameterized7 |          1 |          1 |       0 |    0 |     5 |      0 |      0 |          0 |
|                 gen_normal_area.inst_fifo_node_payld                                                  |                      design_1_smartconnect_0_0_sc_node_v1_0_15_fifo__parameterized4 |        234 |         38 |     196 |    0 |   324 |      0 |      0 |          0 |
|                   gen_xpm_memory_fifo.inst_fifo                                                       |            design_1_smartconnect_0_0_sc_util_v1_0_4_xpm_memory_fifo__parameterized4 |        234 |         38 |     196 |    0 |   324 |      0 |      0 |          0 |
|                     (gen_xpm_memory_fifo.inst_fifo)                                                   |            design_1_smartconnect_0_0_sc_util_v1_0_4_xpm_memory_fifo__parameterized4 |          4 |          4 |       0 |    0 |     4 |      0 |      0 |          0 |
|                     gen_mem_rep[0].inst_rd_addrb                                                      |                 design_1_smartconnect_0_0_sc_util_v1_0_4_counter__parameterized0_78 |          5 |          5 |       0 |    0 |     6 |      0 |      0 |          0 |
|                     gen_mem_rep[0].inst_wr_addra                                                      |                 design_1_smartconnect_0_0_sc_util_v1_0_4_counter__parameterized0_79 |          4 |          4 |       0 |    0 |     6 |      0 |      0 |          0 |
|                     gen_mem_rep[0].inst_xpm_memory                                                    |                      design_1_smartconnect_0_0_xpm_memory_sdpram__parameterized3__1 |        108 |          0 |     108 |    0 |   160 |      0 |      0 |          0 |
|                       xpm_memory_base_inst                                                            |                        design_1_smartconnect_0_0_xpm_memory_base__parameterized3__1 |        108 |          0 |     108 |    0 |   160 |      0 |      0 |          0 |
|                     gen_mem_rep[1].inst_rd_addrb                                                      |                 design_1_smartconnect_0_0_sc_util_v1_0_4_counter__parameterized0_80 |          4 |          4 |       0 |    0 |     5 |      0 |      0 |          0 |
|                     gen_mem_rep[1].inst_wr_addra                                                      |                 design_1_smartconnect_0_0_sc_util_v1_0_4_counter__parameterized0_81 |          3 |          3 |       0 |    0 |     5 |      0 |      0 |          0 |
|                     gen_mem_rep[1].inst_xpm_memory                                                    |                         design_1_smartconnect_0_0_xpm_memory_sdpram__parameterized3 |         88 |          0 |      88 |    0 |   132 |      0 |      0 |          0 |
|                       xpm_memory_base_inst                                                            |                           design_1_smartconnect_0_0_xpm_memory_base__parameterized3 |         88 |          0 |      88 |    0 |   132 |      0 |      0 |          0 |
|                     gen_wr.inst_wr_addra_p1                                                           |                 design_1_smartconnect_0_0_sc_util_v1_0_4_counter__parameterized1_84 |         18 |         18 |       0 |    0 |     6 |      0 |      0 |          0 |
|                 gen_normal_area.inst_fifo_send                                                        |                design_1_smartconnect_0_0_sc_node_v1_0_15_reg_slice3__parameterized0 |          8 |          8 |       0 |    0 |     8 |      0 |      0 |          0 |
|               inst_si_handler                                                                         |             design_1_smartconnect_0_0_sc_node_v1_0_15_si_handler__parameterized2_76 |          1 |          1 |       0 |    0 |     1 |      0 |      0 |          0 |
|               s_sc_xpm_cdc_async_rst_inst                                                             |                                     design_1_smartconnect_0_0_xpm_cdc_async_rst__20 |          1 |          1 |       0 |    0 |     3 |      0 |      0 |          0 |
|           m00_w_node                                                                                  |                                           design_1_smartconnect_0_0_bd_48ac_m00wn_0 |        658 |        256 |     402 |    0 |   682 |      0 |      0 |          0 |
|             inst                                                                                      |                       design_1_smartconnect_0_0_sc_node_v1_0_15_top__parameterized3 |        658 |        256 |     402 |    0 |   682 |      0 |      0 |          0 |
|               (inst)                                                                                  |                       design_1_smartconnect_0_0_sc_node_v1_0_15_top__parameterized3 |          3 |          3 |       0 |    0 |     1 |      0 |      0 |          0 |
|               inst_mi_handler                                                                         |                design_1_smartconnect_0_0_sc_node_v1_0_15_mi_handler__parameterized3 |        636 |        236 |     400 |    0 |   665 |      0 |      0 |          0 |
|                 (inst_mi_handler)                                                                     |                design_1_smartconnect_0_0_sc_node_v1_0_15_mi_handler__parameterized3 |          0 |          0 |       0 |    0 |     2 |      0 |      0 |          0 |
|                 gen_normal_area.gen_downsizer.inst_downsizer                                          |                                 design_1_smartconnect_0_0_sc_node_v1_0_15_downsizer |          7 |          7 |       0 |    0 |     7 |      0 |      0 |          0 |
|                 gen_normal_area.gen_node_prog_full.inst_node_prog_full                                |                           design_1_smartconnect_0_0_sc_node_v1_0_15_fifo__xdcDup__3 |         32 |         32 |       0 |    0 |    21 |      0 |      0 |          0 |
|                   gen_xpm_memory_fifo.inst_fifo                                                       |                 design_1_smartconnect_0_0_sc_util_v1_0_4_xpm_memory_fifo__xdcDup__3 |         32 |         32 |       0 |    0 |    21 |      0 |      0 |          0 |
|                     (gen_xpm_memory_fifo.inst_fifo)                                                   |                 design_1_smartconnect_0_0_sc_util_v1_0_4_xpm_memory_fifo__xdcDup__3 |          4 |          4 |       0 |    0 |     3 |      0 |      0 |          0 |
|                     gen_mem_rep[0].inst_rd_addrb                                                      |                 design_1_smartconnect_0_0_sc_util_v1_0_4_counter__parameterized0_73 |          5 |          5 |       0 |    0 |     6 |      0 |      0 |          0 |
|                     gen_mem_rep[0].inst_wr_addra                                                      |                 design_1_smartconnect_0_0_sc_util_v1_0_4_counter__parameterized0_74 |          4 |          4 |       0 |    0 |     6 |      0 |      0 |          0 |
|                     gen_wr.inst_wr_addra_p1                                                           |                 design_1_smartconnect_0_0_sc_util_v1_0_4_counter__parameterized1_75 |         19 |         19 |       0 |    0 |     6 |      0 |      0 |          0 |
|                 gen_normal_area.inst_fifo_node_payld                                                  |                      design_1_smartconnect_0_0_sc_node_v1_0_15_fifo__parameterized6 |        595 |        195 |     400 |    0 |   633 |      0 |      0 |          0 |
|                   gen_xpm_memory_fifo.inst_fifo                                                       |            design_1_smartconnect_0_0_sc_util_v1_0_4_xpm_memory_fifo__parameterized6 |        595 |        195 |     400 |    0 |   633 |      0 |      0 |          0 |
|                     (gen_xpm_memory_fifo.inst_fifo)                                                   |            design_1_smartconnect_0_0_sc_util_v1_0_4_xpm_memory_fifo__parameterized6 |        154 |        154 |       0 |    0 |     3 |      0 |      0 |          0 |
|                     gen_mem_rep[0].inst_rd_addrb                                                      |                 design_1_smartconnect_0_0_sc_util_v1_0_4_counter__parameterized0_64 |          5 |          5 |       0 |    0 |     6 |      0 |      0 |          0 |
|                     gen_mem_rep[0].inst_wr_addra                                                      |                 design_1_smartconnect_0_0_sc_util_v1_0_4_counter__parameterized0_65 |          4 |          4 |       0 |    0 |     6 |      0 |      0 |          0 |
|                     gen_mem_rep[0].inst_xpm_memory                                                    |                      design_1_smartconnect_0_0_xpm_memory_sdpram__parameterized6__1 |         96 |          0 |      96 |    0 |   137 |      0 |      0 |          0 |
|                       xpm_memory_base_inst                                                            |                        design_1_smartconnect_0_0_xpm_memory_base__parameterized6__1 |         96 |          0 |      96 |    0 |   137 |      0 |      0 |          0 |
|                     gen_mem_rep[1].inst_rd_addrb                                                      |                 design_1_smartconnect_0_0_sc_util_v1_0_4_counter__parameterized0_66 |          3 |          3 |       0 |    0 |     5 |      0 |      0 |          0 |
|                     gen_mem_rep[1].inst_wr_addra                                                      |                 design_1_smartconnect_0_0_sc_util_v1_0_4_counter__parameterized0_67 |          3 |          3 |       0 |    0 |     5 |      0 |      0 |          0 |
|                     gen_mem_rep[1].inst_xpm_memory                                                    |                      design_1_smartconnect_0_0_xpm_memory_sdpram__parameterized6__2 |        104 |          0 |     104 |    0 |   153 |      0 |      0 |          0 |
|                       xpm_memory_base_inst                                                            |                        design_1_smartconnect_0_0_xpm_memory_base__parameterized6__2 |        104 |          0 |     104 |    0 |   153 |      0 |      0 |          0 |
|                     gen_mem_rep[2].inst_rd_addrb                                                      |                 design_1_smartconnect_0_0_sc_util_v1_0_4_counter__parameterized0_68 |          3 |          3 |       0 |    0 |     5 |      0 |      0 |          0 |
|                     gen_mem_rep[2].inst_wr_addra                                                      |                 design_1_smartconnect_0_0_sc_util_v1_0_4_counter__parameterized0_69 |          3 |          3 |       0 |    0 |     5 |      0 |      0 |          0 |
|                     gen_mem_rep[2].inst_xpm_memory                                                    |                      design_1_smartconnect_0_0_xpm_memory_sdpram__parameterized6__3 |        104 |          0 |     104 |    0 |   153 |      0 |      0 |          0 |
|                       xpm_memory_base_inst                                                            |                        design_1_smartconnect_0_0_xpm_memory_base__parameterized6__3 |        104 |          0 |     104 |    0 |   153 |      0 |      0 |          0 |
|                     gen_mem_rep[3].inst_rd_addrb                                                      |                 design_1_smartconnect_0_0_sc_util_v1_0_4_counter__parameterized0_70 |          3 |          3 |       0 |    0 |     5 |      0 |      0 |          0 |
|                     gen_mem_rep[3].inst_wr_addra                                                      |                 design_1_smartconnect_0_0_sc_util_v1_0_4_counter__parameterized0_71 |          3 |          3 |       0 |    0 |     5 |      0 |      0 |          0 |
|                     gen_mem_rep[3].inst_xpm_memory                                                    |                         design_1_smartconnect_0_0_xpm_memory_sdpram__parameterized6 |         96 |          0 |      96 |    0 |   139 |      0 |      0 |          0 |
|                       xpm_memory_base_inst                                                            |                           design_1_smartconnect_0_0_xpm_memory_base__parameterized6 |         96 |          0 |      96 |    0 |   139 |      0 |      0 |          0 |
|                     gen_wr.inst_wr_addra_p1                                                           |                 design_1_smartconnect_0_0_sc_util_v1_0_4_counter__parameterized1_72 |         14 |         14 |       0 |    0 |     6 |      0 |      0 |          0 |
|                 inst_ingress                                                                          |                   design_1_smartconnect_0_0_sc_node_v1_0_15_ingress__parameterized3 |          2 |          2 |       0 |    0 |     2 |      0 |      0 |          0 |
|                   (inst_ingress)                                                                      |                   design_1_smartconnect_0_0_sc_node_v1_0_15_ingress__parameterized3 |          2 |          2 |       0 |    0 |     0 |      0 |      0 |          0 |
|                   inst_pipeline_recv                                                                  |                   design_1_smartconnect_0_0_sc_util_v1_0_4_pipeline__parameterized4 |          0 |          0 |       0 |    0 |     1 |      0 |      0 |          0 |
|                   inst_pipeline_valid                                                                 |                design_1_smartconnect_0_0_sc_util_v1_0_4_pipeline__parameterized3_63 |          0 |          0 |       0 |    0 |     1 |      0 |      0 |          0 |
|               inst_si_handler                                                                         |                design_1_smartconnect_0_0_sc_node_v1_0_15_si_handler__parameterized3 |         18 |         16 |       2 |    0 |    13 |      0 |      0 |          0 |
|                 (inst_si_handler)                                                                     |                design_1_smartconnect_0_0_sc_node_v1_0_15_si_handler__parameterized3 |          0 |          0 |       0 |    0 |     1 |      0 |      0 |          0 |
|                 gen_si_handler.gen_axis_packet_slave_normal_area.inst_allow_transfer_late             |                design_1_smartconnect_0_0_sc_util_v1_0_4_pipeline__parameterized3_61 |          2 |          2 |       0 |    0 |     1 |      0 |      0 |          0 |
|                 gen_si_handler.gen_request_fifos.gen_req_fifo[1].inst_req_fifo                        |                      design_1_smartconnect_0_0_sc_node_v1_0_15_fifo__parameterized5 |         16 |         14 |       2 |    0 |    11 |      0 |      0 |          0 |
|                   gen_xpm_memory_fifo.inst_fifo                                                       |            design_1_smartconnect_0_0_sc_util_v1_0_4_xpm_memory_fifo__parameterized5 |         16 |         14 |       2 |    0 |    11 |      0 |      0 |          0 |
|                     (gen_xpm_memory_fifo.inst_fifo)                                                   |            design_1_smartconnect_0_0_sc_util_v1_0_4_xpm_memory_fifo__parameterized5 |          3 |          3 |       0 |    0 |     2 |      0 |      0 |          0 |
|                     gen_mem_rep[0].inst_rd_addrb                                                      |                    design_1_smartconnect_0_0_sc_util_v1_0_4_counter__parameterized3 |          2 |          2 |       0 |    0 |     3 |      0 |      0 |          0 |
|                     gen_mem_rep[0].inst_wr_addra                                                      |                 design_1_smartconnect_0_0_sc_util_v1_0_4_counter__parameterized3_62 |          2 |          2 |       0 |    0 |     3 |      0 |      0 |          0 |
|                     gen_mem_rep[0].inst_xpm_memory                                                    |                      design_1_smartconnect_0_0_xpm_memory_sdpram__parameterized5__2 |          2 |          0 |       2 |    0 |     0 |      0 |      0 |          0 |
|                       xpm_memory_base_inst                                                            |                        design_1_smartconnect_0_0_xpm_memory_base__parameterized5__2 |          2 |          0 |       2 |    0 |     0 |      0 |      0 |          0 |
|                     gen_wr.inst_wr_addra_p1                                                           |                    design_1_smartconnect_0_0_sc_util_v1_0_4_counter__parameterized4 |          7 |          7 |       0 |    0 |     3 |      0 |      0 |          0 |
|               s_sc_xpm_cdc_async_rst_inst                                                             |                                     design_1_smartconnect_0_0_xpm_cdc_async_rst__18 |          1 |          1 |       0 |    0 |     3 |      0 |      0 |          0 |
|         m00_sc2axi                                                                                    |                                          design_1_smartconnect_0_0_bd_48ac_m00s2a_0 |          0 |          0 |       0 |    0 |     0 |      0 |      0 |          0 |
|           inst                                                                                        |                                      design_1_smartconnect_0_0_sc_sc2axi_v1_0_9_top |          0 |          0 |       0 |    0 |     0 |      0 |      0 |          0 |
|         s00_axi2sc                                                                                    |                                          design_1_smartconnect_0_0_bd_48ac_s00a2s_0 |          0 |          0 |       0 |    0 |     0 |      0 |      0 |          0 |
|           inst                                                                                        |                                      design_1_smartconnect_0_0_sc_axi2sc_v1_0_9_top |          0 |          0 |       0 |    0 |     0 |      0 |      0 |          0 |
|         s00_entry_pipeline                                                                            |                            design_1_smartconnect_0_0_s00_entry_pipeline_imp_1C3JDRS |        547 |        546 |       0 |    1 |   923 |      0 |      0 |          0 |
|           s00_mmu                                                                                     |                                          design_1_smartconnect_0_0_bd_48ac_s00mmu_0 |        390 |        390 |       0 |    0 |   768 |      0 |      0 |          0 |
|             inst                                                                                      |                                        design_1_smartconnect_0_0_sc_mmu_v1_0_12_top |        390 |        390 |       0 |    0 |   768 |      0 |      0 |          0 |
|               (inst)                                                                                  |                                        design_1_smartconnect_0_0_sc_mmu_v1_0_12_top |          3 |          3 |       0 |    0 |    10 |      0 |      0 |          0 |
|               ar_reg_stall                                                                            |                           design_1_smartconnect_0_0_sc_util_v1_0_4_axi_reg_stall_58 |         38 |         38 |       0 |    0 |    78 |      0 |      0 |          0 |
|               ar_sreg                                                                                 |                           design_1_smartconnect_0_0_sc_util_v1_0_4_axi_reg_stall_59 |         34 |         34 |       0 |    0 |    80 |      0 |      0 |          0 |
|               gen_endpoint.decerr_slave_inst                                                          |                               design_1_smartconnect_0_0_sc_mmu_v1_0_12_decerr_slave |         17 |         17 |       0 |    0 |    11 |      0 |      0 |          0 |
|               r_sreg                                                                                  |                           design_1_smartconnect_0_0_sc_util_v1_0_4_axi_reg_stall_60 |        298 |        298 |       0 |    0 |   586 |      0 |      0 |          0 |
|               xpm_cdc_async_rst_inst                                                                  |                                      design_1_smartconnect_0_0_xpm_cdc_async_rst__2 |          1 |          1 |       0 |    0 |     3 |      0 |      0 |          0 |
|           s00_si_converter                                                                            |                                          design_1_smartconnect_0_0_bd_48ac_s00sic_0 |        157 |        156 |       0 |    1 |   155 |      0 |      0 |          0 |
|             inst                                                                                      |                               design_1_smartconnect_0_0_sc_si_converter_v1_0_12_top |        157 |        156 |       0 |    1 |   155 |      0 |      0 |          0 |
|               (inst)                                                                                  |                               design_1_smartconnect_0_0_sc_si_converter_v1_0_12_top |          1 |          1 |       0 |    0 |     1 |      0 |      0 |          0 |
|               gen_normal.splitter_inst                                                                |                          design_1_smartconnect_0_0_sc_si_converter_v1_0_12_splitter |        155 |        154 |       0 |    1 |   151 |      0 |      0 |          0 |
|                 (gen_normal.splitter_inst)                                                            |                          design_1_smartconnect_0_0_sc_si_converter_v1_0_12_splitter |         39 |         39 |       0 |    0 |    40 |      0 |      0 |          0 |
|                 ar_cmd_reg                                                                            |                           design_1_smartconnect_0_0_sc_util_v1_0_4_axi_reg_stall_56 |        101 |        101 |       0 |    0 |   102 |      0 |      0 |          0 |
|                 gen_rsplitter.gen_rthread_loop[0].r_split_fifo                                        |                          design_1_smartconnect_0_0_sc_util_v1_0_4_axic_reg_srl_fifo |         15 |         14 |       0 |    1 |     9 |      0 |      0 |          0 |
|                   (gen_rsplitter.gen_rthread_loop[0].r_split_fifo)                                    |                          design_1_smartconnect_0_0_sc_util_v1_0_4_axic_reg_srl_fifo |         12 |         12 |       0 |    0 |     9 |      0 |      0 |          0 |
|                   gen_srls[0].srl_nx1                                                                 |                                 design_1_smartconnect_0_0_sc_util_v1_0_4_srl_rtl_57 |          3 |          2 |       0 |    1 |     0 |      0 |      0 |          0 |
|               xpm_cdc_async_rst_inst                                                                  |                                      design_1_smartconnect_0_0_xpm_cdc_async_rst__3 |          1 |          1 |       0 |    0 |     3 |      0 |      0 |          0 |
|           s00_transaction_regulator                                                                   |                                           design_1_smartconnect_0_0_bd_48ac_s00tr_0 |          0 |          0 |       0 |    0 |     0 |      0 |      0 |          0 |
|             inst                                                                                      |                      design_1_smartconnect_0_0_sc_transaction_regulator_v1_0_10_top |          0 |          0 |       0 |    0 |     0 |      0 |      0 |          0 |
|         s00_nodes                                                                                     |                                     design_1_smartconnect_0_0_s00_nodes_imp_1FAO4F6 |        396 |        146 |     250 |    0 |   483 |      0 |      0 |          0 |
|           s00_ar_node                                                                                 |                                            design_1_smartconnect_0_0_bd_48ac_sarn_0 |        128 |         74 |      54 |    0 |   132 |      0 |      0 |          0 |
|             inst                                                                                      |                       design_1_smartconnect_0_0_sc_node_v1_0_15_top__parameterized4 |        128 |         74 |      54 |    0 |   132 |      0 |      0 |          0 |
|               (inst)                                                                                  |                       design_1_smartconnect_0_0_sc_node_v1_0_15_top__parameterized4 |          3 |          3 |       0 |    0 |     1 |      0 |      0 |          0 |
|               inst_mi_handler                                                                         |                design_1_smartconnect_0_0_sc_node_v1_0_15_mi_handler__parameterized4 |        124 |         70 |      54 |    0 |   127 |      0 |      0 |          0 |
|                 (inst_mi_handler)                                                                     |                design_1_smartconnect_0_0_sc_node_v1_0_15_mi_handler__parameterized4 |          0 |          0 |       0 |    0 |     2 |      0 |      0 |          0 |
|                 gen_normal_area.gen_fifo_req.inst_fifo_req                                            |           design_1_smartconnect_0_0_sc_node_v1_0_15_fifo__parameterized7__xdcDup__1 |         26 |         26 |       0 |    0 |    20 |      0 |      0 |          0 |
|                   gen_xpm_memory_fifo.inst_fifo                                                       | design_1_smartconnect_0_0_sc_util_v1_0_4_xpm_memory_fifo__parameterized7__xdcDup__1 |         26 |         26 |       0 |    0 |    20 |      0 |      0 |          0 |
|                     (gen_xpm_memory_fifo.inst_fifo)                                                   | design_1_smartconnect_0_0_sc_util_v1_0_4_xpm_memory_fifo__parameterized7__xdcDup__1 |          4 |          4 |       0 |    0 |     2 |      0 |      0 |          0 |
|                     gen_mem_rep[0].inst_rd_addrb                                                      |                 design_1_smartconnect_0_0_sc_util_v1_0_4_counter__parameterized0_53 |          6 |          6 |       0 |    0 |     6 |      0 |      0 |          0 |
|                     gen_mem_rep[0].inst_wr_addra                                                      |                 design_1_smartconnect_0_0_sc_util_v1_0_4_counter__parameterized0_54 |          5 |          5 |       0 |    0 |     6 |      0 |      0 |          0 |
|                     gen_wr.inst_wr_addra_p1                                                           |                 design_1_smartconnect_0_0_sc_util_v1_0_4_counter__parameterized1_55 |         12 |         12 |       0 |    0 |     6 |      0 |      0 |          0 |
|                 gen_normal_area.inst_fifo_node_payld                                                  |           design_1_smartconnect_0_0_sc_node_v1_0_15_fifo__parameterized8__xdcDup__1 |         93 |         39 |      54 |    0 |   101 |      0 |      0 |          0 |
|                   gen_xpm_memory_fifo.inst_fifo                                                       | design_1_smartconnect_0_0_sc_util_v1_0_4_xpm_memory_fifo__parameterized8__xdcDup__1 |         93 |         39 |      54 |    0 |   101 |      0 |      0 |          0 |
|                     (gen_xpm_memory_fifo.inst_fifo)                                                   | design_1_smartconnect_0_0_sc_util_v1_0_4_xpm_memory_fifo__parameterized8__xdcDup__1 |          5 |          5 |       0 |    0 |     4 |      0 |      0 |          0 |
|                     gen_mem_rep[0].inst_rd_addrb                                                      |                 design_1_smartconnect_0_0_sc_util_v1_0_4_counter__parameterized0_50 |          6 |          6 |       0 |    0 |     6 |      0 |      0 |          0 |
|                     gen_mem_rep[0].inst_wr_addra                                                      |                 design_1_smartconnect_0_0_sc_util_v1_0_4_counter__parameterized0_51 |          5 |          5 |       0 |    0 |     6 |      0 |      0 |          0 |
|                     gen_mem_rep[0].inst_xpm_memory                                                    |                      design_1_smartconnect_0_0_xpm_memory_sdpram__parameterized8__2 |         54 |          0 |      54 |    0 |    79 |      0 |      0 |          0 |
|                       xpm_memory_base_inst                                                            |                        design_1_smartconnect_0_0_xpm_memory_base__parameterized8__2 |         54 |          0 |      54 |    0 |    79 |      0 |      0 |          0 |
|                     gen_wr.inst_wr_addra_p1                                                           |                 design_1_smartconnect_0_0_sc_util_v1_0_4_counter__parameterized1_52 |         23 |         23 |       0 |    0 |     6 |      0 |      0 |          0 |
|                 gen_normal_area.inst_fifo_send                                                        |             design_1_smartconnect_0_0_sc_node_v1_0_15_reg_slice3__parameterized2_49 |          5 |          5 |       0 |    0 |     4 |      0 |      0 |          0 |
|               inst_si_handler                                                                         |                design_1_smartconnect_0_0_sc_node_v1_0_15_si_handler__parameterized4 |          1 |          1 |       0 |    0 |     1 |      0 |      0 |          0 |
|               s_sc_xpm_cdc_async_rst_inst                                                             |                                     design_1_smartconnect_0_0_xpm_cdc_async_rst__10 |          1 |          1 |       0 |    0 |     3 |      0 |      0 |          0 |
|           s00_r_node                                                                                  |                                             design_1_smartconnect_0_0_bd_48ac_srn_0 |        268 |         72 |     196 |    0 |   351 |      0 |      0 |          0 |
|             inst                                                                                      |                       design_1_smartconnect_0_0_sc_node_v1_0_15_top__parameterized5 |        268 |         72 |     196 |    0 |   351 |      0 |      0 |          0 |
|               (inst)                                                                                  |                       design_1_smartconnect_0_0_sc_node_v1_0_15_top__parameterized5 |          3 |          3 |       0 |    0 |     1 |      0 |      0 |          0 |
|               inst_mi_handler                                                                         |                design_1_smartconnect_0_0_sc_node_v1_0_15_mi_handler__parameterized5 |        263 |         67 |     196 |    0 |   346 |      0 |      0 |          0 |
|                 (inst_mi_handler)                                                                     |                design_1_smartconnect_0_0_sc_node_v1_0_15_mi_handler__parameterized5 |          0 |          0 |       0 |    0 |     2 |      0 |      0 |          0 |
|                 gen_normal_area.gen_node_prog_full.inst_node_prog_full                                |                           design_1_smartconnect_0_0_sc_node_v1_0_15_fifo__xdcDup__4 |         36 |         36 |       0 |    0 |    21 |      0 |      0 |          0 |
|                   gen_xpm_memory_fifo.inst_fifo                                                       |                 design_1_smartconnect_0_0_sc_util_v1_0_4_xpm_memory_fifo__xdcDup__4 |         36 |         36 |       0 |    0 |    21 |      0 |      0 |          0 |
|                     (gen_xpm_memory_fifo.inst_fifo)                                                   |                 design_1_smartconnect_0_0_sc_util_v1_0_4_xpm_memory_fifo__xdcDup__4 |          5 |          5 |       0 |    0 |     3 |      0 |      0 |          0 |
|                     gen_mem_rep[0].inst_rd_addrb                                                      |                 design_1_smartconnect_0_0_sc_util_v1_0_4_counter__parameterized0_46 |          6 |          6 |       0 |    0 |     6 |      0 |      0 |          0 |
|                     gen_mem_rep[0].inst_wr_addra                                                      |                 design_1_smartconnect_0_0_sc_util_v1_0_4_counter__parameterized0_47 |          5 |          5 |       0 |    0 |     6 |      0 |      0 |          0 |
|                     gen_wr.inst_wr_addra_p1                                                           |                 design_1_smartconnect_0_0_sc_util_v1_0_4_counter__parameterized1_48 |         20 |         20 |       0 |    0 |     6 |      0 |      0 |          0 |
|                 gen_normal_area.inst_fifo_node_payld                                                  |                      design_1_smartconnect_0_0_sc_node_v1_0_15_fifo__parameterized9 |        228 |         32 |     196 |    0 |   322 |      0 |      0 |          0 |
|                   gen_xpm_memory_fifo.inst_fifo                                                       |            design_1_smartconnect_0_0_sc_util_v1_0_4_xpm_memory_fifo__parameterized9 |        228 |         32 |     196 |    0 |   322 |      0 |      0 |          0 |
|                     (gen_xpm_memory_fifo.inst_fifo)                                                   |            design_1_smartconnect_0_0_sc_util_v1_0_4_xpm_memory_fifo__parameterized9 |          4 |          4 |       0 |    0 |     3 |      0 |      0 |          0 |
|                     gen_mem_rep[0].inst_rd_addrb                                                      |                 design_1_smartconnect_0_0_sc_util_v1_0_4_counter__parameterized0_39 |          5 |          5 |       0 |    0 |     6 |      0 |      0 |          0 |
|                     gen_mem_rep[0].inst_wr_addra                                                      |                 design_1_smartconnect_0_0_sc_util_v1_0_4_counter__parameterized0_40 |          4 |          4 |       0 |    0 |     6 |      0 |      0 |          0 |
|                     gen_mem_rep[0].inst_xpm_memory                                                    |                      design_1_smartconnect_0_0_xpm_memory_sdpram__parameterized9__1 |        112 |          0 |     112 |    0 |   166 |      0 |      0 |          0 |
|                       xpm_memory_base_inst                                                            |                        design_1_smartconnect_0_0_xpm_memory_base__parameterized9__1 |        112 |          0 |     112 |    0 |   166 |      0 |      0 |          0 |
|                     gen_mem_rep[1].inst_rd_addrb                                                      |                 design_1_smartconnect_0_0_sc_util_v1_0_4_counter__parameterized0_41 |          3 |          3 |       0 |    0 |     5 |      0 |      0 |          0 |
|                     gen_mem_rep[1].inst_wr_addra                                                      |                 design_1_smartconnect_0_0_sc_util_v1_0_4_counter__parameterized0_42 |          3 |          3 |       0 |    0 |     5 |      0 |      0 |          0 |
|                     gen_mem_rep[1].inst_xpm_memory                                                    |                         design_1_smartconnect_0_0_xpm_memory_sdpram__parameterized9 |         84 |          0 |      84 |    0 |   125 |      0 |      0 |          0 |
|                       xpm_memory_base_inst                                                            |                           design_1_smartconnect_0_0_xpm_memory_base__parameterized9 |         84 |          0 |      84 |    0 |   125 |      0 |      0 |          0 |
|                     gen_mem_rep[2].inst_rd_addrb                                                      |                 design_1_smartconnect_0_0_sc_util_v1_0_4_counter__parameterized0_43 |          1 |          1 |       0 |    0 |     0 |      0 |      0 |          0 |
|                     gen_wr.inst_wr_addra_p1                                                           |                 design_1_smartconnect_0_0_sc_util_v1_0_4_counter__parameterized1_45 |         13 |         13 |       0 |    0 |     6 |      0 |      0 |          0 |
|                 inst_ingress                                                                          |                   design_1_smartconnect_0_0_sc_node_v1_0_15_ingress__parameterized5 |          0 |          0 |       0 |    0 |     1 |      0 |      0 |          0 |
|                   inst_pipeline_valid                                                                 |                design_1_smartconnect_0_0_sc_util_v1_0_4_pipeline__parameterized3_38 |          0 |          0 |       0 |    0 |     1 |      0 |      0 |          0 |
|               inst_si_handler                                                                         |                design_1_smartconnect_0_0_sc_node_v1_0_15_si_handler__parameterized2 |          1 |          1 |       0 |    0 |     1 |      0 |      0 |          0 |
|               s_sc_xpm_cdc_async_rst_inst                                                             |                                      design_1_smartconnect_0_0_xpm_cdc_async_rst__8 |          1 |          1 |       0 |    0 |     3 |      0 |      0 |          0 |
|         s01_axi2sc                                                                                    |                                          design_1_smartconnect_0_0_bd_48ac_s01a2s_0 |          0 |          0 |       0 |    0 |     0 |      0 |      0 |          0 |
|           inst                                                                                        |                      design_1_smartconnect_0_0_sc_axi2sc_v1_0_9_top__parameterized0 |          0 |          0 |       0 |    0 |     0 |      0 |      0 |          0 |
|         s01_entry_pipeline                                                                            |                             design_1_smartconnect_0_0_s01_entry_pipeline_imp_F11SX8 |        222 |        208 |       0 |   14 |   387 |      0 |      0 |          0 |
|           s01_mmu                                                                                     |                                          design_1_smartconnect_0_0_bd_48ac_s01mmu_0 |        153 |        153 |       0 |    0 |   360 |      0 |      0 |          0 |
|             inst                                                                                      |                        design_1_smartconnect_0_0_sc_mmu_v1_0_12_top__parameterized0 |        153 |        153 |       0 |    0 |   360 |      0 |      0 |          0 |
|               (inst)                                                                                  |                        design_1_smartconnect_0_0_sc_mmu_v1_0_12_top__parameterized0 |          4 |          4 |       0 |    0 |    19 |      0 |      0 |          0 |
|               aw_reg_stall                                                                            |                              design_1_smartconnect_0_0_sc_util_v1_0_4_axi_reg_stall |         36 |         36 |       0 |    0 |    86 |      0 |      0 |          0 |
|               aw_sreg                                                                                 |                           design_1_smartconnect_0_0_sc_util_v1_0_4_axi_reg_stall_35 |         50 |         50 |       0 |    0 |    88 |      0 |      0 |          0 |
|               b_sreg                                                                                  |                           design_1_smartconnect_0_0_sc_util_v1_0_4_axi_reg_stall_36 |          7 |          7 |       0 |    0 |     8 |      0 |      0 |          0 |
|               gen_endpoint.decerr_slave_inst                                                          |               design_1_smartconnect_0_0_sc_mmu_v1_0_12_decerr_slave__parameterized0 |         10 |         10 |       0 |    0 |     6 |      0 |      0 |          0 |
|               w_sreg                                                                                  |                           design_1_smartconnect_0_0_sc_util_v1_0_4_axi_reg_stall_37 |         46 |         46 |       0 |    0 |   150 |      0 |      0 |          0 |
|               xpm_cdc_async_rst_inst                                                                  |                                      design_1_smartconnect_0_0_xpm_cdc_async_rst__5 |          1 |          1 |       0 |    0 |     3 |      0 |      0 |          0 |
|           s01_si_converter                                                                            |                                          design_1_smartconnect_0_0_bd_48ac_s01sic_0 |         69 |         55 |       0 |   14 |    27 |      0 |      0 |          0 |
|             inst                                                                                      |               design_1_smartconnect_0_0_sc_si_converter_v1_0_12_top__parameterized0 |         69 |         55 |       0 |   14 |    27 |      0 |      0 |          0 |
|               (inst)                                                                                  |               design_1_smartconnect_0_0_sc_si_converter_v1_0_12_top__parameterized0 |          1 |          1 |       0 |    0 |     1 |      0 |      0 |          0 |
|               gen_normal.splitter_inst                                                                |          design_1_smartconnect_0_0_sc_si_converter_v1_0_12_splitter__parameterized0 |         67 |         53 |       0 |   14 |    23 |      0 |      0 |          0 |
|                 (gen_normal.splitter_inst)                                                            |          design_1_smartconnect_0_0_sc_si_converter_v1_0_12_splitter__parameterized0 |          0 |          0 |       0 |    0 |     1 |      0 |      0 |          0 |
|                 gen_no_wsplitter.gen_endpoint_woffset.gen_wbypass_offset_fifo.wbypass_offset_fifo     |          design_1_smartconnect_0_0_sc_util_v1_0_4_axic_reg_srl_fifo__parameterized5 |         67 |         53 |       0 |   14 |    22 |      0 |      0 |          0 |
|                   (gen_no_wsplitter.gen_endpoint_woffset.gen_wbypass_offset_fifo.wbypass_offset_fifo) |          design_1_smartconnect_0_0_sc_util_v1_0_4_axic_reg_srl_fifo__parameterized5 |         27 |         27 |       0 |    0 |    22 |      0 |      0 |          0 |
|                   gen_srls[0].srl_nx1                                                                 |                                    design_1_smartconnect_0_0_sc_util_v1_0_4_srl_rtl |          2 |          1 |       0 |    1 |     0 |      0 |      0 |          0 |
|                   gen_srls[10].srl_nx1                                                                |                                 design_1_smartconnect_0_0_sc_util_v1_0_4_srl_rtl_22 |          2 |          1 |       0 |    1 |     0 |      0 |      0 |          0 |
|                   gen_srls[11].srl_nx1                                                                |                                 design_1_smartconnect_0_0_sc_util_v1_0_4_srl_rtl_23 |          2 |          1 |       0 |    1 |     0 |      0 |      0 |          0 |
|                   gen_srls[12].srl_nx1                                                                |                                 design_1_smartconnect_0_0_sc_util_v1_0_4_srl_rtl_24 |          2 |          1 |       0 |    1 |     0 |      0 |      0 |          0 |
|                   gen_srls[13].srl_nx1                                                                |                                 design_1_smartconnect_0_0_sc_util_v1_0_4_srl_rtl_25 |          3 |          2 |       0 |    1 |     0 |      0 |      0 |          0 |
|                   gen_srls[1].srl_nx1                                                                 |                                 design_1_smartconnect_0_0_sc_util_v1_0_4_srl_rtl_26 |          2 |          1 |       0 |    1 |     0 |      0 |      0 |          0 |
|                   gen_srls[2].srl_nx1                                                                 |                                 design_1_smartconnect_0_0_sc_util_v1_0_4_srl_rtl_27 |          2 |          1 |       0 |    1 |     0 |      0 |      0 |          0 |
|                   gen_srls[3].srl_nx1                                                                 |                                 design_1_smartconnect_0_0_sc_util_v1_0_4_srl_rtl_28 |          2 |          1 |       0 |    1 |     0 |      0 |      0 |          0 |
|                   gen_srls[4].srl_nx1                                                                 |                                 design_1_smartconnect_0_0_sc_util_v1_0_4_srl_rtl_29 |          2 |          1 |       0 |    1 |     0 |      0 |      0 |          0 |
|                   gen_srls[5].srl_nx1                                                                 |                                 design_1_smartconnect_0_0_sc_util_v1_0_4_srl_rtl_30 |          2 |          1 |       0 |    1 |     0 |      0 |      0 |          0 |
|                   gen_srls[6].srl_nx1                                                                 |                                 design_1_smartconnect_0_0_sc_util_v1_0_4_srl_rtl_31 |         13 |         12 |       0 |    1 |     0 |      0 |      0 |          0 |
|                   gen_srls[7].srl_nx1                                                                 |                                 design_1_smartconnect_0_0_sc_util_v1_0_4_srl_rtl_32 |          2 |          1 |       0 |    1 |     0 |      0 |      0 |          0 |
|                   gen_srls[8].srl_nx1                                                                 |                                 design_1_smartconnect_0_0_sc_util_v1_0_4_srl_rtl_33 |          2 |          1 |       0 |    1 |     0 |      0 |      0 |          0 |
|                   gen_srls[9].srl_nx1                                                                 |                                 design_1_smartconnect_0_0_sc_util_v1_0_4_srl_rtl_34 |          2 |          1 |       0 |    1 |     0 |      0 |      0 |          0 |
|               xpm_cdc_async_rst_inst                                                                  |                                      design_1_smartconnect_0_0_xpm_cdc_async_rst__7 |          1 |          1 |       0 |    0 |     3 |      0 |      0 |          0 |
|           s01_transaction_regulator                                                                   |                                           design_1_smartconnect_0_0_bd_48ac_s01tr_0 |          0 |          0 |       0 |    0 |     0 |      0 |      0 |          0 |
|             inst                                                                                      |      design_1_smartconnect_0_0_sc_transaction_regulator_v1_0_10_top__parameterized0 |          0 |          0 |       0 |    0 |     0 |      0 |      0 |          0 |
|         s01_nodes                                                                                     |                                      design_1_smartconnect_0_0_s01_nodes_imp_AIXRF8 |        753 |        295 |     458 |    0 |  1439 |      0 |      0 |          0 |
|           s01_aw_node                                                                                 |                                            design_1_smartconnect_0_0_bd_48ac_sawn_0 |        124 |         74 |      50 |    0 |   126 |      0 |      0 |          0 |
|             inst                                                                                      |                       design_1_smartconnect_0_0_sc_node_v1_0_15_top__parameterized6 |        124 |         74 |      50 |    0 |   126 |      0 |      0 |          0 |
|               (inst)                                                                                  |                       design_1_smartconnect_0_0_sc_node_v1_0_15_top__parameterized6 |          3 |          3 |       0 |    0 |     1 |      0 |      0 |          0 |
|               inst_mi_handler                                                                         |                design_1_smartconnect_0_0_sc_node_v1_0_15_mi_handler__parameterized6 |        119 |         69 |      50 |    0 |   121 |      0 |      0 |          0 |
|                 (inst_mi_handler)                                                                     |                design_1_smartconnect_0_0_sc_node_v1_0_15_mi_handler__parameterized6 |          0 |          0 |       0 |    0 |     2 |      0 |      0 |          0 |
|                 gen_normal_area.gen_fifo_req.inst_fifo_req                                            |                      design_1_smartconnect_0_0_sc_node_v1_0_15_fifo__parameterized7 |         26 |         26 |       0 |    0 |    20 |      0 |      0 |          0 |
|                   gen_xpm_memory_fifo.inst_fifo                                                       |            design_1_smartconnect_0_0_sc_util_v1_0_4_xpm_memory_fifo__parameterized7 |         26 |         26 |       0 |    0 |    20 |      0 |      0 |          0 |
|                     (gen_xpm_memory_fifo.inst_fifo)                                                   |            design_1_smartconnect_0_0_sc_util_v1_0_4_xpm_memory_fifo__parameterized7 |          4 |          4 |       0 |    0 |     2 |      0 |      0 |          0 |
|                     gen_mem_rep[0].inst_rd_addrb                                                      |                 design_1_smartconnect_0_0_sc_util_v1_0_4_counter__parameterized0_19 |          6 |          6 |       0 |    0 |     6 |      0 |      0 |          0 |
|                     gen_mem_rep[0].inst_wr_addra                                                      |                 design_1_smartconnect_0_0_sc_util_v1_0_4_counter__parameterized0_20 |          5 |          5 |       0 |    0 |     6 |      0 |      0 |          0 |
|                     gen_wr.inst_wr_addra_p1                                                           |                 design_1_smartconnect_0_0_sc_util_v1_0_4_counter__parameterized1_21 |         12 |         12 |       0 |    0 |     6 |      0 |      0 |          0 |
|                 gen_normal_area.inst_fifo_node_payld                                                  |                      design_1_smartconnect_0_0_sc_node_v1_0_15_fifo__parameterized8 |         88 |         38 |      50 |    0 |    95 |      0 |      0 |          0 |
|                   gen_xpm_memory_fifo.inst_fifo                                                       |            design_1_smartconnect_0_0_sc_util_v1_0_4_xpm_memory_fifo__parameterized8 |         88 |         38 |      50 |    0 |    95 |      0 |      0 |          0 |
|                     (gen_xpm_memory_fifo.inst_fifo)                                                   |            design_1_smartconnect_0_0_sc_util_v1_0_4_xpm_memory_fifo__parameterized8 |          4 |          4 |       0 |    0 |     4 |      0 |      0 |          0 |
|                     gen_mem_rep[0].inst_rd_addrb                                                      |                 design_1_smartconnect_0_0_sc_util_v1_0_4_counter__parameterized0_16 |          6 |          6 |       0 |    0 |     6 |      0 |      0 |          0 |
|                     gen_mem_rep[0].inst_wr_addra                                                      |                 design_1_smartconnect_0_0_sc_util_v1_0_4_counter__parameterized0_17 |          5 |          5 |       0 |    0 |     6 |      0 |      0 |          0 |
|                     gen_mem_rep[0].inst_xpm_memory                                                    |                         design_1_smartconnect_0_0_xpm_memory_sdpram__parameterized8 |         50 |          0 |      50 |    0 |    73 |      0 |      0 |          0 |
|                       xpm_memory_base_inst                                                            |                           design_1_smartconnect_0_0_xpm_memory_base__parameterized8 |         50 |          0 |      50 |    0 |    73 |      0 |      0 |          0 |
|                     gen_wr.inst_wr_addra_p1                                                           |                 design_1_smartconnect_0_0_sc_util_v1_0_4_counter__parameterized1_18 |         23 |         23 |       0 |    0 |     6 |      0 |      0 |          0 |
|                 gen_normal_area.inst_fifo_send                                                        |             design_1_smartconnect_0_0_sc_node_v1_0_15_reg_slice3__parameterized2_15 |          5 |          5 |       0 |    0 |     4 |      0 |      0 |          0 |
|               inst_si_handler                                                                         |                design_1_smartconnect_0_0_sc_node_v1_0_15_si_handler__parameterized5 |          1 |          1 |       0 |    0 |     1 |      0 |      0 |          0 |
|               s_sc_xpm_cdc_async_rst_inst                                                             |                                     design_1_smartconnect_0_0_xpm_cdc_async_rst__16 |          1 |          1 |       0 |    0 |     3 |      0 |      0 |          0 |
|           s01_b_node                                                                                  |                                             design_1_smartconnect_0_0_bd_48ac_sbn_0 |         75 |         67 |       8 |    0 |    52 |      0 |      0 |          0 |
|             inst                                                                                      |                       design_1_smartconnect_0_0_sc_node_v1_0_15_top__parameterized7 |         75 |         67 |       8 |    0 |    52 |      0 |      0 |          0 |
|               (inst)                                                                                  |                       design_1_smartconnect_0_0_sc_node_v1_0_15_top__parameterized7 |          3 |          3 |       0 |    0 |     1 |      0 |      0 |          0 |
|               inst_mi_handler                                                                         |                design_1_smartconnect_0_0_sc_node_v1_0_15_mi_handler__parameterized7 |         70 |         62 |       8 |    0 |    47 |      0 |      0 |          0 |
|                 (inst_mi_handler)                                                                     |                design_1_smartconnect_0_0_sc_node_v1_0_15_mi_handler__parameterized7 |          0 |          0 |       0 |    0 |     2 |      0 |      0 |          0 |
|                 gen_normal_area.gen_node_prog_full.inst_node_prog_full                                |                                      design_1_smartconnect_0_0_sc_node_v1_0_15_fifo |         36 |         36 |       0 |    0 |    21 |      0 |      0 |          0 |
|                   gen_xpm_memory_fifo.inst_fifo                                                       |                            design_1_smartconnect_0_0_sc_util_v1_0_4_xpm_memory_fifo |         36 |         36 |       0 |    0 |    21 |      0 |      0 |          0 |
|                     (gen_xpm_memory_fifo.inst_fifo)                                                   |                            design_1_smartconnect_0_0_sc_util_v1_0_4_xpm_memory_fifo |          5 |          5 |       0 |    0 |     3 |      0 |      0 |          0 |
|                     gen_mem_rep[0].inst_rd_addrb                                                      |                 design_1_smartconnect_0_0_sc_util_v1_0_4_counter__parameterized0_12 |          6 |          6 |       0 |    0 |     6 |      0 |      0 |          0 |
|                     gen_mem_rep[0].inst_wr_addra                                                      |                 design_1_smartconnect_0_0_sc_util_v1_0_4_counter__parameterized0_13 |          5 |          5 |       0 |    0 |     6 |      0 |      0 |          0 |
|                     gen_wr.inst_wr_addra_p1                                                           |                 design_1_smartconnect_0_0_sc_util_v1_0_4_counter__parameterized1_14 |         20 |         20 |       0 |    0 |     6 |      0 |      0 |          0 |
|                 gen_normal_area.inst_fifo_node_payld                                                  |                     design_1_smartconnect_0_0_sc_node_v1_0_15_fifo__parameterized10 |         35 |         27 |       8 |    0 |    23 |      0 |      0 |          0 |
|                   gen_xpm_memory_fifo.inst_fifo                                                       |           design_1_smartconnect_0_0_sc_util_v1_0_4_xpm_memory_fifo__parameterized10 |         35 |         27 |       8 |    0 |    23 |      0 |      0 |          0 |
|                     (gen_xpm_memory_fifo.inst_fifo)                                                   |           design_1_smartconnect_0_0_sc_util_v1_0_4_xpm_memory_fifo__parameterized10 |          4 |          4 |       0 |    0 |     3 |      0 |      0 |          0 |
|                     gen_mem_rep[0].inst_rd_addrb                                                      |                  design_1_smartconnect_0_0_sc_util_v1_0_4_counter__parameterized0_9 |          6 |          6 |       0 |    0 |     6 |      0 |      0 |          0 |
|                     gen_mem_rep[0].inst_wr_addra                                                      |                 design_1_smartconnect_0_0_sc_util_v1_0_4_counter__parameterized0_10 |          4 |          4 |       0 |    0 |     6 |      0 |      0 |          0 |
|                     gen_mem_rep[0].inst_xpm_memory                                                    |                        design_1_smartconnect_0_0_xpm_memory_sdpram__parameterized11 |          8 |          0 |       8 |    0 |     2 |      0 |      0 |          0 |
|                       xpm_memory_base_inst                                                            |                          design_1_smartconnect_0_0_xpm_memory_base__parameterized11 |          8 |          0 |       8 |    0 |     2 |      0 |      0 |          0 |
|                     gen_wr.inst_wr_addra_p1                                                           |                 design_1_smartconnect_0_0_sc_util_v1_0_4_counter__parameterized1_11 |         13 |         13 |       0 |    0 |     6 |      0 |      0 |          0 |
|                 inst_ingress                                                                          |                   design_1_smartconnect_0_0_sc_node_v1_0_15_ingress__parameterized7 |          0 |          0 |       0 |    0 |     1 |      0 |      0 |          0 |
|                   inst_pipeline_valid                                                                 |                   design_1_smartconnect_0_0_sc_util_v1_0_4_pipeline__parameterized3 |          0 |          0 |       0 |    0 |     1 |      0 |      0 |          0 |
|               inst_si_handler                                                                         |                design_1_smartconnect_0_0_sc_node_v1_0_15_si_handler__parameterized1 |          1 |          1 |       0 |    0 |     1 |      0 |      0 |          0 |
|               s_sc_xpm_cdc_async_rst_inst                                                             |                                     design_1_smartconnect_0_0_xpm_cdc_async_rst__14 |          1 |          1 |       0 |    0 |     3 |      0 |      0 |          0 |
|           s01_w_node                                                                                  |                                             design_1_smartconnect_0_0_bd_48ac_swn_0 |        554 |        154 |     400 |    0 |  1261 |      0 |      0 |          0 |
|             inst                                                                                      |                       design_1_smartconnect_0_0_sc_node_v1_0_15_top__parameterized8 |        554 |        154 |     400 |    0 |  1261 |      0 |      0 |          0 |
|               (inst)                                                                                  |                       design_1_smartconnect_0_0_sc_node_v1_0_15_top__parameterized8 |          3 |          3 |       0 |    0 |     1 |      0 |      0 |          0 |
|               inst_mi_handler                                                                         |                design_1_smartconnect_0_0_sc_node_v1_0_15_mi_handler__parameterized8 |        550 |        150 |     400 |    0 |  1256 |      0 |      0 |          0 |
|                 (inst_mi_handler)                                                                     |                design_1_smartconnect_0_0_sc_node_v1_0_15_mi_handler__parameterized8 |          0 |          0 |       0 |    0 |     2 |      0 |      0 |          0 |
|                 gen_normal_area.gen_fi_regulator.inst_fi_regulator                                    |                              design_1_smartconnect_0_0_sc_node_v1_0_15_fi_regulator |          1 |          1 |       0 |    0 |     2 |      0 |      0 |          0 |
|                 gen_normal_area.gen_fifo_req.inst_fifo_req                                            |                     design_1_smartconnect_0_0_sc_node_v1_0_15_fifo__parameterized11 |         30 |         26 |       4 |    0 |    22 |      0 |      0 |          0 |
|                   gen_xpm_memory_fifo.inst_fifo                                                       |           design_1_smartconnect_0_0_sc_util_v1_0_4_xpm_memory_fifo__parameterized11 |         30 |         26 |       4 |    0 |    22 |      0 |      0 |          0 |
|                     (gen_xpm_memory_fifo.inst_fifo)                                                   |           design_1_smartconnect_0_0_sc_util_v1_0_4_xpm_memory_fifo__parameterized11 |          4 |          4 |       0 |    0 |     3 |      0 |      0 |          0 |
|                     gen_mem_rep[0].inst_rd_addrb                                                      |                  design_1_smartconnect_0_0_sc_util_v1_0_4_counter__parameterized0_6 |          6 |          6 |       0 |    0 |     6 |      0 |      0 |          0 |
|                     gen_mem_rep[0].inst_wr_addra                                                      |                  design_1_smartconnect_0_0_sc_util_v1_0_4_counter__parameterized0_7 |          4 |          4 |       0 |    0 |     6 |      0 |      0 |          0 |
|                     gen_mem_rep[0].inst_xpm_memory                                                    |                      design_1_smartconnect_0_0_xpm_memory_sdpram__parameterized7__3 |          4 |          0 |       4 |    0 |     1 |      0 |      0 |          0 |
|                       xpm_memory_base_inst                                                            |                        design_1_smartconnect_0_0_xpm_memory_base__parameterized7__3 |          4 |          0 |       4 |    0 |     1 |      0 |      0 |          0 |
|                     gen_wr.inst_wr_addra_p1                                                           |                  design_1_smartconnect_0_0_sc_util_v1_0_4_counter__parameterized1_8 |         12 |         12 |       0 |    0 |     6 |      0 |      0 |          0 |
|                 gen_normal_area.gen_upsizer.inst_upsizer                                              |                   design_1_smartconnect_0_0_sc_node_v1_0_15_upsizer__parameterized0 |         75 |         75 |       0 |    0 |   600 |      0 |      0 |          0 |
|                   (gen_normal_area.gen_upsizer.inst_upsizer)                                          |                   design_1_smartconnect_0_0_sc_node_v1_0_15_upsizer__parameterized0 |         74 |         74 |       0 |    0 |   596 |      0 |      0 |          0 |
|                   inst_upsizer_target_pipeline                                                        |                  design_1_smartconnect_0_0_sc_util_v1_0_4_pipeline__parameterized10 |          1 |          1 |       0 |    0 |     4 |      0 |      0 |          0 |
|                 gen_normal_area.inst_fifo_node_payld                                                  |                     design_1_smartconnect_0_0_sc_node_v1_0_15_fifo__parameterized12 |        439 |         43 |     396 |    0 |   626 |      0 |      0 |          0 |
|                   gen_xpm_memory_fifo.inst_fifo                                                       |           design_1_smartconnect_0_0_sc_util_v1_0_4_xpm_memory_fifo__parameterized12 |        439 |         43 |     396 |    0 |   626 |      0 |      0 |          0 |
|                     (gen_xpm_memory_fifo.inst_fifo)                                                   |           design_1_smartconnect_0_0_sc_util_v1_0_4_xpm_memory_fifo__parameterized12 |          4 |          4 |       0 |    0 |     4 |      0 |      0 |          0 |
|                     gen_mem_rep[0].inst_rd_addrb                                                      |                    design_1_smartconnect_0_0_sc_util_v1_0_4_counter__parameterized0 |          5 |          5 |       0 |    0 |     6 |      0 |      0 |          0 |
|                     gen_mem_rep[0].inst_wr_addra                                                      |                  design_1_smartconnect_0_0_sc_util_v1_0_4_counter__parameterized0_1 |          4 |          4 |       0 |    0 |     6 |      0 |      0 |          0 |
|                     gen_mem_rep[0].inst_xpm_memory                                                    |                     design_1_smartconnect_0_0_xpm_memory_sdpram__parameterized12__1 |        132 |          0 |     132 |    0 |   190 |      0 |      0 |          0 |
|                       xpm_memory_base_inst                                                            |                       design_1_smartconnect_0_0_xpm_memory_base__parameterized12__1 |        132 |          0 |     132 |    0 |   190 |      0 |      0 |          0 |
|                     gen_mem_rep[1].inst_rd_addrb                                                      |                  design_1_smartconnect_0_0_sc_util_v1_0_4_counter__parameterized0_2 |          3 |          3 |       0 |    0 |     5 |      0 |      0 |          0 |
|                     gen_mem_rep[1].inst_wr_addra                                                      |                  design_1_smartconnect_0_0_sc_util_v1_0_4_counter__parameterized0_3 |          3 |          3 |       0 |    0 |     5 |      0 |      0 |          0 |
|                     gen_mem_rep[1].inst_xpm_memory                                                    |                        design_1_smartconnect_0_0_xpm_memory_sdpram__parameterized12 |        132 |          0 |     132 |    0 |   198 |      0 |      0 |          0 |
|                       xpm_memory_base_inst                                                            |                          design_1_smartconnect_0_0_xpm_memory_base__parameterized12 |        132 |          0 |     132 |    0 |   198 |      0 |      0 |          0 |
|                     gen_mem_rep[2].inst_rd_addrb                                                      |                  design_1_smartconnect_0_0_sc_util_v1_0_4_counter__parameterized0_4 |          4 |          4 |       0 |    0 |     5 |      0 |      0 |          0 |
|                     gen_mem_rep[2].inst_wr_addra                                                      |                  design_1_smartconnect_0_0_sc_util_v1_0_4_counter__parameterized0_5 |          3 |          3 |       0 |    0 |     5 |      0 |      0 |          0 |
|                     gen_mem_rep[2].inst_xpm_memory                                                    |                        design_1_smartconnect_0_0_xpm_memory_sdpram__parameterized13 |        132 |          0 |     132 |    0 |   196 |      0 |      0 |          0 |
|                       xpm_memory_base_inst                                                            |                          design_1_smartconnect_0_0_xpm_memory_base__parameterized13 |        132 |          0 |     132 |    0 |   196 |      0 |      0 |          0 |
|                     gen_wr.inst_wr_addra_p1                                                           |                    design_1_smartconnect_0_0_sc_util_v1_0_4_counter__parameterized1 |         17 |         17 |       0 |    0 |     6 |      0 |      0 |          0 |
|                 gen_normal_area.inst_fifo_send                                                        |                design_1_smartconnect_0_0_sc_node_v1_0_15_reg_slice3__parameterized2 |          5 |          5 |       0 |    0 |     4 |      0 |      0 |          0 |
|               inst_si_handler                                                                         |                design_1_smartconnect_0_0_sc_node_v1_0_15_si_handler__parameterized6 |          1 |          1 |       0 |    0 |     1 |      0 |      0 |          0 |
|               s_sc_xpm_cdc_async_rst_inst                                                             |                                     design_1_smartconnect_0_0_xpm_cdc_async_rst__12 |          1 |          1 |       0 |    0 |     3 |      0 |      0 |          0 |
|         switchboards                                                                                  |                                  design_1_smartconnect_0_0_switchboards_imp_1MKJLH2 |          2 |          2 |       0 |    0 |  1034 |      0 |      0 |          0 |
|           ar_switchboard                                                                              |                                            design_1_smartconnect_0_0_bd_48ac_arsw_0 |          0 |          0 |       0 |    0 |    79 |      0 |      0 |          0 |
|             inst                                                                                      |                                 design_1_smartconnect_0_0_sc_switchboard_v1_0_7_top |          0 |          0 |       0 |    0 |    79 |      0 |      0 |          0 |
|               gen_mi[0].inst_opipe_payld                                                              |                design_1_smartconnect_0_0_sc_util_v1_0_4_pipeline__parameterized11_0 |          0 |          0 |       0 |    0 |    79 |      0 |      0 |          0 |
|           aw_switchboard                                                                              |                                            design_1_smartconnect_0_0_bd_48ac_awsw_0 |          1 |          1 |       0 |    0 |    73 |      0 |      0 |          0 |
|             inst                                                                                      |                              design_1_smartconnect_0_0_sc_switchboard_v1_0_7_top__1 |          1 |          1 |       0 |    0 |    73 |      0 |      0 |          0 |
|               gen_mi[0].inst_opipe_payld                                                              |                  design_1_smartconnect_0_0_sc_util_v1_0_4_pipeline__parameterized11 |          1 |          1 |       0 |    0 |    73 |      0 |      0 |          0 |
|           b_switchboard                                                                               |                                             design_1_smartconnect_0_0_bd_48ac_bsw_0 |          0 |          0 |       0 |    0 |     6 |      0 |      0 |          0 |
|             inst                                                                                      |                 design_1_smartconnect_0_0_sc_switchboard_v1_0_7_top__parameterized0 |          0 |          0 |       0 |    0 |     6 |      0 |      0 |          0 |
|               gen_mi[1].inst_opipe_payld                                                              |                  design_1_smartconnect_0_0_sc_util_v1_0_4_pipeline__parameterized12 |          0 |          0 |       0 |    0 |     6 |      0 |      0 |          0 |
|           r_switchboard                                                                               |                                             design_1_smartconnect_0_0_bd_48ac_rsw_0 |          0 |          0 |       0 |    0 |   292 |      0 |      0 |          0 |
|             inst                                                                                      |                 design_1_smartconnect_0_0_sc_switchboard_v1_0_7_top__parameterized1 |          0 |          0 |       0 |    0 |   292 |      0 |      0 |          0 |
|               gen_mi[0].inst_opipe_payld                                                              |                  design_1_smartconnect_0_0_sc_util_v1_0_4_pipeline__parameterized13 |          0 |          0 |       0 |    0 |   292 |      0 |      0 |          0 |
|           w_switchboard                                                                               |                                             design_1_smartconnect_0_0_bd_48ac_wsw_0 |          1 |          1 |       0 |    0 |   584 |      0 |      0 |          0 |
|             inst                                                                                      |                 design_1_smartconnect_0_0_sc_switchboard_v1_0_7_top__parameterized2 |          1 |          1 |       0 |    0 |   584 |      0 |      0 |          0 |
|               gen_mi[0].inst_opipe_payld                                                              |                  design_1_smartconnect_0_0_sc_util_v1_0_4_pipeline__parameterized14 |          1 |          1 |       0 |    0 |   584 |      0 |      0 |          0 |
|     smartconnect_1                                                                                    |                                                           design_1_smartconnect_0_1 |        521 |        520 |       0 |    1 |   661 |      0 |      0 |          0 |
|       inst                                                                                            |                                                   design_1_smartconnect_0_1_bd_886d |        521 |        520 |       0 |    1 |   661 |      0 |      0 |          0 |
|         clk_map                                                                                       |                                       design_1_smartconnect_0_1_clk_map_imp_1WP46Y0 |         13 |         12 |       0 |    1 |    22 |      0 |      0 |          0 |
|           psr_aclk                                                                                    |                                        design_1_smartconnect_0_1_bd_886d_psr_aclk_0 |         13 |         12 |       0 |    1 |    22 |      0 |      0 |          0 |
|             U0                                                                                        |                                            design_1_smartconnect_0_1_proc_sys_reset |         13 |         12 |       0 |    1 |    22 |      0 |      0 |          0 |
|               (U0)                                                                                    |                                            design_1_smartconnect_0_1_proc_sys_reset |          0 |          0 |       0 |    0 |     1 |      0 |      0 |          0 |
|               EXT_LPF                                                                                 |                                                       design_1_smartconnect_0_1_lpf |          3 |          2 |       0 |    1 |     6 |      0 |      0 |          0 |
|                 (EXT_LPF)                                                                             |                                                       design_1_smartconnect_0_1_lpf |          2 |          1 |       0 |    1 |     2 |      0 |      0 |          0 |
|                 ACTIVE_LOW_AUX.ACT_LO_AUX                                                             |                                                  design_1_smartconnect_0_1_cdc_sync |          1 |          1 |       0 |    0 |     4 |      0 |      0 |          0 |
|               SEQ                                                                                     |                                              design_1_smartconnect_0_1_sequence_psr |         10 |         10 |       0 |    0 |    15 |      0 |      0 |          0 |
|                 (SEQ)                                                                                 |                                              design_1_smartconnect_0_1_sequence_psr |          5 |          5 |       0 |    0 |     9 |      0 |      0 |          0 |
|                 SEQ_COUNTER                                                                           |                                                   design_1_smartconnect_0_1_upcnt_n |          5 |          5 |       0 |    0 |     6 |      0 |      0 |          0 |
|         m00_exit_pipeline                                                                             |                              design_1_smartconnect_0_1_m00_exit_pipeline_imp_4816GJ |         10 |         10 |       0 |    0 |     9 |      0 |      0 |          0 |
|           m00_exit                                                                                    |                                            design_1_smartconnect_0_1_bd_886d_m00e_0 |         10 |         10 |       0 |    0 |     9 |      0 |      0 |          0 |
|             inst                                                                                      |                                       design_1_smartconnect_0_1_sc_exit_v1_0_14_top |         10 |         10 |       0 |    0 |     9 |      0 |      0 |          0 |
|               (inst)                                                                                  |                                       design_1_smartconnect_0_1_sc_exit_v1_0_14_top |          2 |          2 |       0 |    0 |     2 |      0 |      0 |          0 |
|               exit_inst                                                                               |                                      design_1_smartconnect_0_1_sc_exit_v1_0_14_exit |          7 |          7 |       0 |    0 |     4 |      0 |      0 |          0 |
|               xpm_cdc_async_rst_inst                                                                  |                                      design_1_smartconnect_0_1_xpm_cdc_async_rst__6 |          1 |          1 |       0 |    0 |     3 |      0 |      0 |          0 |
|         m00_nodes                                                                                     |                                      design_1_smartconnect_0_1_m00_nodes_imp_QDFR33 |         26 |         26 |       0 |    0 |    27 |      0 |      0 |          0 |
|           m00_ar_node                                                                                 |                                          design_1_smartconnect_0_1_bd_886d_m00arn_0 |          5 |          5 |       0 |    0 |     5 |      0 |      0 |          0 |
|             inst                                                                                      |                            design_1_smartconnect_0_1_sc_node_v1_0_15_top__xdcDup__1 |          5 |          5 |       0 |    0 |     5 |      0 |      0 |          0 |
|               (inst)                                                                                  |                            design_1_smartconnect_0_1_sc_node_v1_0_15_top__xdcDup__1 |          3 |          3 |       0 |    0 |     1 |      0 |      0 |          0 |
|               inst_mi_handler                                                                         |                             design_1_smartconnect_0_1_sc_node_v1_0_15_mi_handler_17 |          1 |          1 |       0 |    0 |     1 |      0 |      0 |          0 |
|               s_sc_xpm_cdc_async_rst_inst                                                             |                                      design_1_smartconnect_0_1_xpm_cdc_async_rst__7 |          1 |          1 |       0 |    0 |     3 |      0 |      0 |          0 |
|           m00_aw_node                                                                                 |                                          design_1_smartconnect_0_1_bd_886d_m00awn_0 |          5 |          5 |       0 |    0 |     5 |      0 |      0 |          0 |
|             inst                                                                                      |            design_1_smartconnect_0_1_sc_node_v1_0_15_top__parameterized0__xdcDup__1 |          5 |          5 |       0 |    0 |     5 |      0 |      0 |          0 |
|               (inst)                                                                                  |            design_1_smartconnect_0_1_sc_node_v1_0_15_top__parameterized0__xdcDup__1 |          3 |          3 |       0 |    0 |     1 |      0 |      0 |          0 |
|               inst_mi_handler                                                                         |             design_1_smartconnect_0_1_sc_node_v1_0_15_mi_handler__parameterized0_16 |          1 |          1 |       0 |    0 |     1 |      0 |      0 |          0 |
|               s_sc_xpm_cdc_async_rst_inst                                                             |                                      design_1_smartconnect_0_1_xpm_cdc_async_rst__9 |          1 |          1 |       0 |    0 |     3 |      0 |      0 |          0 |
|           m00_b_node                                                                                  |                                           design_1_smartconnect_0_1_bd_886d_m00bn_0 |          6 |          6 |       0 |    0 |     6 |      0 |      0 |          0 |
|             inst                                                                                      |            design_1_smartconnect_0_1_sc_node_v1_0_15_top__parameterized1__xdcDup__1 |          6 |          6 |       0 |    0 |     6 |      0 |      0 |          0 |
|               (inst)                                                                                  |            design_1_smartconnect_0_1_sc_node_v1_0_15_top__parameterized1__xdcDup__1 |          3 |          3 |       0 |    0 |     1 |      0 |      0 |          0 |
|               inst_mi_handler                                                                         |             design_1_smartconnect_0_1_sc_node_v1_0_15_mi_handler__parameterized1_15 |          2 |          2 |       0 |    0 |     2 |      0 |      0 |          0 |
|               s_sc_xpm_cdc_async_rst_inst                                                             |                                     design_1_smartconnect_0_1_xpm_cdc_async_rst__11 |          1 |          1 |       0 |    0 |     3 |      0 |      0 |          0 |
|           m00_r_node                                                                                  |                                           design_1_smartconnect_0_1_bd_886d_m00rn_0 |          6 |          6 |       0 |    0 |     6 |      0 |      0 |          0 |
|             inst                                                                                      |            design_1_smartconnect_0_1_sc_node_v1_0_15_top__parameterized2__xdcDup__1 |          6 |          6 |       0 |    0 |     6 |      0 |      0 |          0 |
|               (inst)                                                                                  |            design_1_smartconnect_0_1_sc_node_v1_0_15_top__parameterized2__xdcDup__1 |          3 |          3 |       0 |    0 |     1 |      0 |      0 |          0 |
|               inst_mi_handler                                                                         |             design_1_smartconnect_0_1_sc_node_v1_0_15_mi_handler__parameterized2_14 |          2 |          2 |       0 |    0 |     2 |      0 |      0 |          0 |
|               s_sc_xpm_cdc_async_rst_inst                                                             |                                     design_1_smartconnect_0_1_xpm_cdc_async_rst__13 |          1 |          1 |       0 |    0 |     3 |      0 |      0 |          0 |
|           m00_w_node                                                                                  |                                           design_1_smartconnect_0_1_bd_886d_m00wn_0 |          5 |          5 |       0 |    0 |     5 |      0 |      0 |          0 |
|             inst                                                                                      |            design_1_smartconnect_0_1_sc_node_v1_0_15_top__parameterized3__xdcDup__1 |          5 |          5 |       0 |    0 |     5 |      0 |      0 |          0 |
|               (inst)                                                                                  |            design_1_smartconnect_0_1_sc_node_v1_0_15_top__parameterized3__xdcDup__1 |          3 |          3 |       0 |    0 |     1 |      0 |      0 |          0 |
|               inst_mi_handler                                                                         |             design_1_smartconnect_0_1_sc_node_v1_0_15_mi_handler__parameterized3_13 |          1 |          1 |       0 |    0 |     1 |      0 |      0 |          0 |
|               s_sc_xpm_cdc_async_rst_inst                                                             |                                     design_1_smartconnect_0_1_xpm_cdc_async_rst__15 |          1 |          1 |       0 |    0 |     3 |      0 |      0 |          0 |
|         m00_sc2axi                                                                                    |                                          design_1_smartconnect_0_1_bd_886d_m00s2a_0 |          0 |          0 |       0 |    0 |     0 |      0 |      0 |          0 |
|           inst                                                                                        |                                      design_1_smartconnect_0_1_sc_sc2axi_v1_0_9_top |          0 |          0 |       0 |    0 |     0 |      0 |      0 |          0 |
|         m01_exit_pipeline                                                                             |                              design_1_smartconnect_0_1_m01_exit_pipeline_imp_6OCSAB |         10 |         10 |       0 |    0 |     9 |      0 |      0 |          0 |
|           m01_exit                                                                                    |                                            design_1_smartconnect_0_1_bd_886d_m01e_0 |         10 |         10 |       0 |    0 |     9 |      0 |      0 |          0 |
|             inst                                                                                      |                       design_1_smartconnect_0_1_sc_exit_v1_0_14_top__parameterized0 |         10 |         10 |       0 |    0 |     9 |      0 |      0 |          0 |
|               (inst)                                                                                  |                       design_1_smartconnect_0_1_sc_exit_v1_0_14_top__parameterized0 |          2 |          2 |       0 |    0 |     2 |      0 |      0 |          0 |
|               exit_inst                                                                               |                      design_1_smartconnect_0_1_sc_exit_v1_0_14_exit__parameterized0 |          7 |          7 |       0 |    0 |     4 |      0 |      0 |          0 |
|               xpm_cdc_async_rst_inst                                                                  |                                     design_1_smartconnect_0_1_xpm_cdc_async_rst__17 |          1 |          1 |       0 |    0 |     3 |      0 |      0 |          0 |
|         m01_nodes                                                                                     |                                     design_1_smartconnect_0_1_m01_nodes_imp_1HTXBQH |         25 |         25 |       0 |    0 |    27 |      0 |      0 |          0 |
|           m01_ar_node                                                                                 |                                          design_1_smartconnect_0_1_bd_886d_m01arn_0 |          5 |          5 |       0 |    0 |     5 |      0 |      0 |          0 |
|             inst                                                                                      |                                       design_1_smartconnect_0_1_sc_node_v1_0_15_top |          5 |          5 |       0 |    0 |     5 |      0 |      0 |          0 |
|               (inst)                                                                                  |                                       design_1_smartconnect_0_1_sc_node_v1_0_15_top |          3 |          3 |       0 |    0 |     1 |      0 |      0 |          0 |
|               inst_mi_handler                                                                         |                                design_1_smartconnect_0_1_sc_node_v1_0_15_mi_handler |          1 |          1 |       0 |    0 |     1 |      0 |      0 |          0 |
|               s_sc_xpm_cdc_async_rst_inst                                                             |                                     design_1_smartconnect_0_1_xpm_cdc_async_rst__18 |          1 |          1 |       0 |    0 |     3 |      0 |      0 |          0 |
|           m01_aw_node                                                                                 |                                          design_1_smartconnect_0_1_bd_886d_m01awn_0 |          5 |          5 |       0 |    0 |     5 |      0 |      0 |          0 |
|             inst                                                                                      |                       design_1_smartconnect_0_1_sc_node_v1_0_15_top__parameterized0 |          5 |          5 |       0 |    0 |     5 |      0 |      0 |          0 |
|               (inst)                                                                                  |                       design_1_smartconnect_0_1_sc_node_v1_0_15_top__parameterized0 |          3 |          3 |       0 |    0 |     1 |      0 |      0 |          0 |
|               inst_mi_handler                                                                         |                design_1_smartconnect_0_1_sc_node_v1_0_15_mi_handler__parameterized0 |          1 |          1 |       0 |    0 |     1 |      0 |      0 |          0 |
|               s_sc_xpm_cdc_async_rst_inst                                                             |                                     design_1_smartconnect_0_1_xpm_cdc_async_rst__20 |          1 |          1 |       0 |    0 |     3 |      0 |      0 |          0 |
|           m01_b_node                                                                                  |                                           design_1_smartconnect_0_1_bd_886d_m01bn_0 |          6 |          6 |       0 |    0 |     6 |      0 |      0 |          0 |
|             inst                                                                                      |                       design_1_smartconnect_0_1_sc_node_v1_0_15_top__parameterized1 |          6 |          6 |       0 |    0 |     6 |      0 |      0 |          0 |
|               (inst)                                                                                  |                       design_1_smartconnect_0_1_sc_node_v1_0_15_top__parameterized1 |          3 |          3 |       0 |    0 |     1 |      0 |      0 |          0 |
|               inst_mi_handler                                                                         |                design_1_smartconnect_0_1_sc_node_v1_0_15_mi_handler__parameterized1 |          2 |          2 |       0 |    0 |     2 |      0 |      0 |          0 |
|               s_sc_xpm_cdc_async_rst_inst                                                             |                                     design_1_smartconnect_0_1_xpm_cdc_async_rst__22 |          1 |          1 |       0 |    0 |     3 |      0 |      0 |          0 |
|           m01_r_node                                                                                  |                                           design_1_smartconnect_0_1_bd_886d_m01rn_0 |          6 |          6 |       0 |    0 |     6 |      0 |      0 |          0 |
|             inst                                                                                      |                       design_1_smartconnect_0_1_sc_node_v1_0_15_top__parameterized2 |          6 |          6 |       0 |    0 |     6 |      0 |      0 |          0 |
|               (inst)                                                                                  |                       design_1_smartconnect_0_1_sc_node_v1_0_15_top__parameterized2 |          3 |          3 |       0 |    0 |     1 |      0 |      0 |          0 |
|               inst_mi_handler                                                                         |                design_1_smartconnect_0_1_sc_node_v1_0_15_mi_handler__parameterized2 |          2 |          2 |       0 |    0 |     2 |      0 |      0 |          0 |
|               s_sc_xpm_cdc_async_rst_inst                                                             |                                     design_1_smartconnect_0_1_xpm_cdc_async_rst__24 |          1 |          1 |       0 |    0 |     3 |      0 |      0 |          0 |
|           m01_w_node                                                                                  |                                           design_1_smartconnect_0_1_bd_886d_m01wn_0 |          5 |          5 |       0 |    0 |     5 |      0 |      0 |          0 |
|             inst                                                                                      |                       design_1_smartconnect_0_1_sc_node_v1_0_15_top__parameterized3 |          5 |          5 |       0 |    0 |     5 |      0 |      0 |          0 |
|               (inst)                                                                                  |                       design_1_smartconnect_0_1_sc_node_v1_0_15_top__parameterized3 |          3 |          3 |       0 |    0 |     1 |      0 |      0 |          0 |
|               inst_mi_handler                                                                         |                design_1_smartconnect_0_1_sc_node_v1_0_15_mi_handler__parameterized3 |          1 |          1 |       0 |    0 |     1 |      0 |      0 |          0 |
|               s_sc_xpm_cdc_async_rst_inst                                                             |                                     design_1_smartconnect_0_1_xpm_cdc_async_rst__26 |          1 |          1 |       0 |    0 |     3 |      0 |      0 |          0 |
|         m01_sc2axi                                                                                    |                                          design_1_smartconnect_0_1_bd_886d_m01s2a_0 |          0 |          0 |       0 |    0 |     0 |      0 |      0 |          0 |
|           inst                                                                                        |                      design_1_smartconnect_0_1_sc_sc2axi_v1_0_9_top__parameterized0 |          0 |          0 |       0 |    0 |     0 |      0 |      0 |          0 |
|         s00_axi2sc                                                                                    |                                          design_1_smartconnect_0_1_bd_886d_s00a2s_0 |          0 |          0 |       0 |    0 |     0 |      0 |      0 |          0 |
|           inst                                                                                        |                                      design_1_smartconnect_0_1_sc_axi2sc_v1_0_9_top |          0 |          0 |       0 |    0 |     0 |      0 |      0 |          0 |
|         s00_entry_pipeline                                                                            |                            design_1_smartconnect_0_1_s00_entry_pipeline_imp_12V3TGW |        331 |        331 |       0 |    0 |   375 |      0 |      0 |          0 |
|           s00_mmu                                                                                     |                                          design_1_smartconnect_0_1_bd_886d_s00mmu_0 |        179 |        179 |       0 |    0 |   180 |      0 |      0 |          0 |
|             inst                                                                                      |                                        design_1_smartconnect_0_1_sc_mmu_v1_0_12_top |        179 |        179 |       0 |    0 |   180 |      0 |      0 |          0 |
|               (inst)                                                                                  |                                        design_1_smartconnect_0_1_sc_mmu_v1_0_12_top |         25 |         25 |       0 |    0 |    18 |      0 |      0 |          0 |
|               ar_reg_stall                                                                            |              design_1_smartconnect_0_1_sc_util_v1_0_4_axi_reg_stall__parameterized0 |         44 |         44 |       0 |    0 |    64 |      0 |      0 |          0 |
|               aw_reg_stall                                                                            |           design_1_smartconnect_0_1_sc_util_v1_0_4_axi_reg_stall__parameterized0_12 |         36 |         36 |       0 |    0 |    52 |      0 |      0 |          0 |
|               gen_endpoint.decerr_slave_inst                                                          |                               design_1_smartconnect_0_1_sc_mmu_v1_0_12_decerr_slave |         67 |         67 |       0 |    0 |    41 |      0 |      0 |          0 |
|               gen_wroute_reg.wroute_split                                                             |                               design_1_smartconnect_0_1_sc_util_v1_0_4_axi_splitter |         12 |         12 |       0 |    0 |     2 |      0 |      0 |          0 |
|               xpm_cdc_async_rst_inst                                                                  |                                     design_1_smartconnect_0_1_xpm_cdc_async_rst__28 |          1 |          1 |       0 |    0 |     3 |      0 |      0 |          0 |
|           s00_si_converter                                                                            |                                          design_1_smartconnect_0_1_bd_886d_s00sic_0 |        145 |        145 |       0 |    0 |   163 |      0 |      0 |          0 |
|             inst                                                                                      |                               design_1_smartconnect_0_1_sc_si_converter_v1_0_12_top |        145 |        145 |       0 |    0 |   163 |      0 |      0 |          0 |
|               (inst)                                                                                  |                               design_1_smartconnect_0_1_sc_si_converter_v1_0_12_top |          1 |          1 |       0 |    0 |     1 |      0 |      0 |          0 |
|               gen_axilite_conv.axilite_conv_inst                                                      |                      design_1_smartconnect_0_1_sc_si_converter_v1_0_12_axilite_conv |        143 |        143 |       0 |    0 |   159 |      0 |      0 |          0 |
|               xpm_cdc_async_rst_inst                                                                  |                                     design_1_smartconnect_0_1_xpm_cdc_async_rst__29 |          1 |          1 |       0 |    0 |     3 |      0 |      0 |          0 |
|           s00_transaction_regulator                                                                   |                                           design_1_smartconnect_0_1_bd_886d_s00tr_0 |         10 |         10 |       0 |    0 |    32 |      0 |      0 |          0 |
|             inst                                                                                      |                      design_1_smartconnect_0_1_sc_transaction_regulator_v1_0_10_top |         10 |         10 |       0 |    0 |    32 |      0 |      0 |          0 |
|               (inst)                                                                                  |                      design_1_smartconnect_0_1_sc_transaction_regulator_v1_0_10_top |          1 |          1 |       0 |    0 |     1 |      0 |      0 |          0 |
|               gen_endpoint.gen_r_singleorder.r_singleorder                                            |              design_1_smartconnect_0_1_sc_transaction_regulator_v1_0_10_singleorder |          4 |          4 |       0 |    0 |    14 |      0 |      0 |          0 |
|               gen_endpoint.gen_w_singleorder.w_singleorder                                            |           design_1_smartconnect_0_1_sc_transaction_regulator_v1_0_10_singleorder_11 |          4 |          4 |       0 |    0 |    14 |      0 |      0 |          0 |
|               xpm_cdc_async_rst_inst                                                                  |                                     design_1_smartconnect_0_1_xpm_cdc_async_rst__30 |          1 |          1 |       0 |    0 |     3 |      0 |      0 |          0 |
|         s00_nodes                                                                                     |                                     design_1_smartconnect_0_1_s00_nodes_imp_16MUXNU |         23 |         23 |       0 |    0 |    25 |      0 |      0 |          0 |
|           s00_ar_node                                                                                 |                                            design_1_smartconnect_0_1_bd_886d_sarn_0 |          5 |          5 |       0 |    0 |     5 |      0 |      0 |          0 |
|             inst                                                                                      |                       design_1_smartconnect_0_1_sc_node_v1_0_15_top__parameterized4 |          5 |          5 |       0 |    0 |     5 |      0 |      0 |          0 |
|               (inst)                                                                                  |                       design_1_smartconnect_0_1_sc_node_v1_0_15_top__parameterized4 |          3 |          3 |       0 |    0 |     1 |      0 |      0 |          0 |
|               inst_mi_handler                                                                         |                design_1_smartconnect_0_1_sc_node_v1_0_15_mi_handler__parameterized4 |          1 |          1 |       0 |    0 |     1 |      0 |      0 |          0 |
|               s_sc_xpm_cdc_async_rst_inst                                                             |                                     design_1_smartconnect_0_1_xpm_cdc_async_rst__31 |          1 |          1 |       0 |    0 |     3 |      0 |      0 |          0 |
|           s00_aw_node                                                                                 |                                            design_1_smartconnect_0_1_bd_886d_sawn_0 |          5 |          5 |       0 |    0 |     5 |      0 |      0 |          0 |
|             inst                                                                                      |                       design_1_smartconnect_0_1_sc_node_v1_0_15_top__parameterized5 |          5 |          5 |       0 |    0 |     5 |      0 |      0 |          0 |
|               (inst)                                                                                  |                       design_1_smartconnect_0_1_sc_node_v1_0_15_top__parameterized5 |          3 |          3 |       0 |    0 |     1 |      0 |      0 |          0 |
|               inst_mi_handler                                                                         |                design_1_smartconnect_0_1_sc_node_v1_0_15_mi_handler__parameterized5 |          1 |          1 |       0 |    0 |     1 |      0 |      0 |          0 |
|               s_sc_xpm_cdc_async_rst_inst                                                             |                                     design_1_smartconnect_0_1_xpm_cdc_async_rst__33 |          1 |          1 |       0 |    0 |     3 |      0 |      0 |          0 |
|           s00_b_node                                                                                  |                                             design_1_smartconnect_0_1_bd_886d_sbn_0 |          5 |          5 |       0 |    0 |     5 |      0 |      0 |          0 |
|             inst                                                                                      |                       design_1_smartconnect_0_1_sc_node_v1_0_15_top__parameterized6 |          5 |          5 |       0 |    0 |     5 |      0 |      0 |          0 |
|               (inst)                                                                                  |                       design_1_smartconnect_0_1_sc_node_v1_0_15_top__parameterized6 |          3 |          3 |       0 |    0 |     1 |      0 |      0 |          0 |
|               inst_mi_handler                                                                         |                design_1_smartconnect_0_1_sc_node_v1_0_15_mi_handler__parameterized6 |          1 |          1 |       0 |    0 |     1 |      0 |      0 |          0 |
|               s_sc_xpm_cdc_async_rst_inst                                                             |                                     design_1_smartconnect_0_1_xpm_cdc_async_rst__35 |          1 |          1 |       0 |    0 |     3 |      0 |      0 |          0 |
|           s00_r_node                                                                                  |                                             design_1_smartconnect_0_1_bd_886d_srn_0 |          5 |          5 |       0 |    0 |     5 |      0 |      0 |          0 |
|             inst                                                                                      |                       design_1_smartconnect_0_1_sc_node_v1_0_15_top__parameterized7 |          5 |          5 |       0 |    0 |     5 |      0 |      0 |          0 |
|               (inst)                                                                                  |                       design_1_smartconnect_0_1_sc_node_v1_0_15_top__parameterized7 |          3 |          3 |       0 |    0 |     1 |      0 |      0 |          0 |
|               inst_mi_handler                                                                         |                design_1_smartconnect_0_1_sc_node_v1_0_15_mi_handler__parameterized7 |          1 |          1 |       0 |    0 |     1 |      0 |      0 |          0 |
|               s_sc_xpm_cdc_async_rst_inst                                                             |                                     design_1_smartconnect_0_1_xpm_cdc_async_rst__37 |          1 |          1 |       0 |    0 |     3 |      0 |      0 |          0 |
|           s00_w_node                                                                                  |                                             design_1_smartconnect_0_1_bd_886d_swn_0 |          5 |          5 |       0 |    0 |     5 |      0 |      0 |          0 |
|             inst                                                                                      |                       design_1_smartconnect_0_1_sc_node_v1_0_15_top__parameterized8 |          5 |          5 |       0 |    0 |     5 |      0 |      0 |          0 |
|               (inst)                                                                                  |                       design_1_smartconnect_0_1_sc_node_v1_0_15_top__parameterized8 |          3 |          3 |       0 |    0 |     1 |      0 |      0 |          0 |
|               inst_mi_handler                                                                         |                design_1_smartconnect_0_1_sc_node_v1_0_15_mi_handler__parameterized8 |          1 |          1 |       0 |    0 |     1 |      0 |      0 |          0 |
|               s_sc_xpm_cdc_async_rst_inst                                                             |                                     design_1_smartconnect_0_1_xpm_cdc_async_rst__39 |          1 |          1 |       0 |    0 |     3 |      0 |      0 |          0 |
|         switchboards                                                                                  |                                  design_1_smartconnect_0_1_switchboards_imp_1V8ZM66 |         92 |         92 |       0 |    0 |   167 |      0 |      0 |          0 |
|           ar_la_in_swbd                                                                               |                                          design_1_smartconnect_0_1_bd_886d_arinsw_0 |          0 |          0 |       0 |    0 |     0 |      0 |      0 |          0 |
|             inst                                                                                      |                              design_1_smartconnect_0_1_sc_switchboard_v1_0_7_top__1 |          0 |          0 |       0 |    0 |     0 |      0 |      0 |          0 |
|           ar_la_out_swbd                                                                              |                                         design_1_smartconnect_0_1_bd_886d_aroutsw_0 |          0 |          0 |       0 |    0 |     0 |      0 |      0 |          0 |
|             inst                                                                                      |              design_1_smartconnect_0_1_sc_switchboard_v1_0_7_top__parameterized0__1 |          0 |          0 |       0 |    0 |     0 |      0 |      0 |          0 |
|           aw_la_in_swbd                                                                               |                                          design_1_smartconnect_0_1_bd_886d_awinsw_0 |          0 |          0 |       0 |    0 |     0 |      0 |      0 |          0 |
|             inst                                                                                      |                                 design_1_smartconnect_0_1_sc_switchboard_v1_0_7_top |          0 |          0 |       0 |    0 |     0 |      0 |      0 |          0 |
|           aw_la_out_swbd                                                                              |                                         design_1_smartconnect_0_1_bd_886d_awoutsw_0 |          0 |          0 |       0 |    0 |     0 |      0 |      0 |          0 |
|             inst                                                                                      |                 design_1_smartconnect_0_1_sc_switchboard_v1_0_7_top__parameterized0 |          0 |          0 |       0 |    0 |     0 |      0 |      0 |          0 |
|           b_la_in_swbd                                                                                |                                           design_1_smartconnect_0_1_bd_886d_binsw_0 |          0 |          0 |       0 |    0 |     0 |      0 |      0 |          0 |
|             inst                                                                                      |                 design_1_smartconnect_0_1_sc_switchboard_v1_0_7_top__parameterized1 |          0 |          0 |       0 |    0 |     0 |      0 |      0 |          0 |
|           b_la_out_swbd                                                                               |                                          design_1_smartconnect_0_1_bd_886d_boutsw_0 |          0 |          0 |       0 |    0 |     0 |      0 |      0 |          0 |
|             inst                                                                                      |                 design_1_smartconnect_0_1_sc_switchboard_v1_0_7_top__parameterized2 |          0 |          0 |       0 |    0 |     0 |      0 |      0 |          0 |
|           i_nodes                                                                                     |                                        design_1_smartconnect_0_1_i_nodes_imp_F45C5I |         76 |         76 |       0 |    0 |   167 |      0 |      0 |          0 |
|             i_ar_node                                                                                 |                                            design_1_smartconnect_0_1_bd_886d_arni_0 |         11 |         11 |       0 |    0 |    22 |      0 |      0 |          0 |
|               inst                                                                                    |                       design_1_smartconnect_0_1_sc_node_v1_0_15_top__parameterized9 |         11 |         11 |       0 |    0 |    22 |      0 |      0 |          0 |
|                 (inst)                                                                                |                       design_1_smartconnect_0_1_sc_node_v1_0_15_top__parameterized9 |          3 |          3 |       0 |    0 |     1 |      0 |      0 |          0 |
|                 inst_mi_handler                                                                       |                design_1_smartconnect_0_1_sc_node_v1_0_15_mi_handler__parameterized9 |          7 |          7 |       0 |    0 |    18 |      0 |      0 |          0 |
|                   (inst_mi_handler)                                                                   |                design_1_smartconnect_0_1_sc_node_v1_0_15_mi_handler__parameterized9 |          0 |          0 |       0 |    0 |     2 |      0 |      0 |          0 |
|                   gen_normal_area.inst_fifo_node_payld                                                |                                    design_1_smartconnect_0_1_sc_node_v1_0_15_fifo_8 |          7 |          7 |       0 |    0 |    16 |      0 |      0 |          0 |
|                     gen_reg_fifo.inst_reg_fifo                                                        |                                design_1_smartconnect_0_1_sc_node_v1_0_15_reg_fifo_9 |          7 |          7 |       0 |    0 |    16 |      0 |      0 |          0 |
|                       (gen_reg_fifo.inst_reg_fifo)                                                    |                                design_1_smartconnect_0_1_sc_node_v1_0_15_reg_fifo_9 |          2 |          2 |       0 |    0 |    14 |      0 |      0 |          0 |
|                       gen_single_rank.inst_cntr                                                       |                 design_1_smartconnect_0_1_sc_util_v1_0_4_counter__parameterized0_10 |          5 |          5 |       0 |    0 |     2 |      0 |      0 |          0 |
|                 s_sc_xpm_cdc_async_rst_inst                                                           |                                     design_1_smartconnect_0_1_xpm_cdc_async_rst__41 |          1 |          1 |       0 |    0 |     3 |      0 |      0 |          0 |
|             i_aw_node                                                                                 |                                            design_1_smartconnect_0_1_bd_886d_awni_0 |         11 |         11 |       0 |    0 |    19 |      0 |      0 |          0 |
|               inst                                                                                    |                      design_1_smartconnect_0_1_sc_node_v1_0_15_top__parameterized10 |         11 |         11 |       0 |    0 |    19 |      0 |      0 |          0 |
|                 (inst)                                                                                |                      design_1_smartconnect_0_1_sc_node_v1_0_15_top__parameterized10 |          3 |          3 |       0 |    0 |     1 |      0 |      0 |          0 |
|                 inst_mi_handler                                                                       |               design_1_smartconnect_0_1_sc_node_v1_0_15_mi_handler__parameterized10 |          7 |          7 |       0 |    0 |    15 |      0 |      0 |          0 |
|                   (inst_mi_handler)                                                                   |               design_1_smartconnect_0_1_sc_node_v1_0_15_mi_handler__parameterized10 |          0 |          0 |       0 |    0 |     2 |      0 |      0 |          0 |
|                   gen_normal_area.inst_fifo_node_payld                                                |                                      design_1_smartconnect_0_1_sc_node_v1_0_15_fifo |          7 |          7 |       0 |    0 |    13 |      0 |      0 |          0 |
|                     gen_reg_fifo.inst_reg_fifo                                                        |                                  design_1_smartconnect_0_1_sc_node_v1_0_15_reg_fifo |          7 |          7 |       0 |    0 |    13 |      0 |      0 |          0 |
|                       (gen_reg_fifo.inst_reg_fifo)                                                    |                                  design_1_smartconnect_0_1_sc_node_v1_0_15_reg_fifo |          2 |          2 |       0 |    0 |    11 |      0 |      0 |          0 |
|                       gen_single_rank.inst_cntr                                                       |                  design_1_smartconnect_0_1_sc_util_v1_0_4_counter__parameterized0_7 |          5 |          5 |       0 |    0 |     2 |      0 |      0 |          0 |
|                 s_sc_xpm_cdc_async_rst_inst                                                           |                                     design_1_smartconnect_0_1_xpm_cdc_async_rst__43 |          1 |          1 |       0 |    0 |     3 |      0 |      0 |          0 |
|             i_b_node                                                                                  |                                             design_1_smartconnect_0_1_bd_886d_bni_0 |         23 |         23 |       0 |    0 |    24 |      0 |      0 |          0 |
|               inst                                                                                    |                      design_1_smartconnect_0_1_sc_node_v1_0_15_top__parameterized11 |         23 |         23 |       0 |    0 |    24 |      0 |      0 |          0 |
|                 (inst)                                                                                |                      design_1_smartconnect_0_1_sc_node_v1_0_15_top__parameterized11 |          3 |          3 |       0 |    0 |     1 |      0 |      0 |          0 |
|                 inst_mi_handler                                                                       |               design_1_smartconnect_0_1_sc_node_v1_0_15_mi_handler__parameterized11 |          7 |          7 |       0 |    0 |     9 |      0 |      0 |          0 |
|                   (inst_mi_handler)                                                                   |               design_1_smartconnect_0_1_sc_node_v1_0_15_mi_handler__parameterized11 |          0 |          0 |       0 |    0 |     2 |      0 |      0 |          0 |
|                   gen_normal_area.gen_fi_regulator.inst_fi_regulator                                  |                            design_1_smartconnect_0_1_sc_node_v1_0_15_fi_regulator_5 |          1 |          1 |       0 |    0 |     1 |      0 |      0 |          0 |
|                   gen_normal_area.inst_fifo_node_payld                                                |                      design_1_smartconnect_0_1_sc_node_v1_0_15_fifo__parameterized0 |          6 |          6 |       0 |    0 |     6 |      0 |      0 |          0 |
|                     gen_reg_fifo.inst_reg_fifo                                                        |                  design_1_smartconnect_0_1_sc_node_v1_0_15_reg_fifo__parameterized0 |          6 |          6 |       0 |    0 |     6 |      0 |      0 |          0 |
|                       (gen_reg_fifo.inst_reg_fifo)                                                    |                  design_1_smartconnect_0_1_sc_node_v1_0_15_reg_fifo__parameterized0 |          2 |          2 |       0 |    0 |     4 |      0 |      0 |          0 |
|                       gen_single_rank.inst_cntr                                                       |                  design_1_smartconnect_0_1_sc_util_v1_0_4_counter__parameterized0_6 |          4 |          4 |       0 |    0 |     2 |      0 |      0 |          0 |
|                 inst_si_handler                                                                       |                design_1_smartconnect_0_1_sc_node_v1_0_15_si_handler__parameterized6 |         12 |         12 |       0 |    0 |    11 |      0 |      0 |          0 |
|                   (inst_si_handler)                                                                   |                design_1_smartconnect_0_1_sc_node_v1_0_15_si_handler__parameterized6 |          0 |          0 |       0 |    0 |     1 |      0 |      0 |          0 |
|                   gen_si_handler.gen_arbiter_rr_minimal_area.inst_arbiter                             |                              design_1_smartconnect_0_1_sc_node_v1_0_15_arb_alg_rr_2 |          6 |          6 |       0 |    0 |     4 |      0 |      0 |          0 |
|                   gen_si_handler.gen_request_counters.gen_req_counter[0].inst_req_counter             |                  design_1_smartconnect_0_1_sc_util_v1_0_4_counter__parameterized1_3 |          3 |          3 |       0 |    0 |     3 |      0 |      0 |          0 |
|                   gen_si_handler.gen_request_counters.gen_req_counter[1].inst_req_counter             |                  design_1_smartconnect_0_1_sc_util_v1_0_4_counter__parameterized1_4 |          3 |          3 |       0 |    0 |     3 |      0 |      0 |          0 |
|                 s_sc_xpm_cdc_async_rst_inst                                                           |                                     design_1_smartconnect_0_1_xpm_cdc_async_rst__45 |          1 |          1 |       0 |    0 |     3 |      0 |      0 |          0 |
|             i_r_node                                                                                  |                                             design_1_smartconnect_0_1_bd_886d_rni_0 |         22 |         22 |       0 |    0 |    54 |      0 |      0 |          0 |
|               inst                                                                                    |                      design_1_smartconnect_0_1_sc_node_v1_0_15_top__parameterized12 |         22 |         22 |       0 |    0 |    54 |      0 |      0 |          0 |
|                 (inst)                                                                                |                      design_1_smartconnect_0_1_sc_node_v1_0_15_top__parameterized12 |          3 |          3 |       0 |    0 |     1 |      0 |      0 |          0 |
|                 inst_mi_handler                                                                       |               design_1_smartconnect_0_1_sc_node_v1_0_15_mi_handler__parameterized12 |          6 |          6 |       0 |    0 |    39 |      0 |      0 |          0 |
|                   (inst_mi_handler)                                                                   |               design_1_smartconnect_0_1_sc_node_v1_0_15_mi_handler__parameterized12 |          0 |          0 |       0 |    0 |     2 |      0 |      0 |          0 |
|                   gen_normal_area.gen_fi_regulator.inst_fi_regulator                                  |                              design_1_smartconnect_0_1_sc_node_v1_0_15_fi_regulator |          1 |          1 |       0 |    0 |     1 |      0 |      0 |          0 |
|                   gen_normal_area.inst_fifo_node_payld                                                |                      design_1_smartconnect_0_1_sc_node_v1_0_15_fifo__parameterized1 |          5 |          5 |       0 |    0 |    36 |      0 |      0 |          0 |
|                     gen_reg_fifo.inst_reg_fifo                                                        |                  design_1_smartconnect_0_1_sc_node_v1_0_15_reg_fifo__parameterized1 |          5 |          5 |       0 |    0 |    36 |      0 |      0 |          0 |
|                       (gen_reg_fifo.inst_reg_fifo)                                                    |                  design_1_smartconnect_0_1_sc_node_v1_0_15_reg_fifo__parameterized1 |          1 |          1 |       0 |    0 |    34 |      0 |      0 |          0 |
|                       gen_single_rank.inst_cntr                                                       |                  design_1_smartconnect_0_1_sc_util_v1_0_4_counter__parameterized0_1 |          4 |          4 |       0 |    0 |     2 |      0 |      0 |          0 |
|                 inst_si_handler                                                                       |                design_1_smartconnect_0_1_sc_node_v1_0_15_si_handler__parameterized7 |         12 |         12 |       0 |    0 |    11 |      0 |      0 |          0 |
|                   (inst_si_handler)                                                                   |                design_1_smartconnect_0_1_sc_node_v1_0_15_si_handler__parameterized7 |          0 |          0 |       0 |    0 |     1 |      0 |      0 |          0 |
|                   gen_si_handler.gen_arbiter_rr_minimal_area.inst_arbiter                             |                                design_1_smartconnect_0_1_sc_node_v1_0_15_arb_alg_rr |          6 |          6 |       0 |    0 |     4 |      0 |      0 |          0 |
|                   gen_si_handler.gen_request_counters.gen_req_counter[0].inst_req_counter             |                    design_1_smartconnect_0_1_sc_util_v1_0_4_counter__parameterized1 |          3 |          3 |       0 |    0 |     3 |      0 |      0 |          0 |
|                   gen_si_handler.gen_request_counters.gen_req_counter[1].inst_req_counter             |                  design_1_smartconnect_0_1_sc_util_v1_0_4_counter__parameterized1_0 |          3 |          3 |       0 |    0 |     3 |      0 |      0 |          0 |
|                 s_sc_xpm_cdc_async_rst_inst                                                           |                                     design_1_smartconnect_0_1_xpm_cdc_async_rst__47 |          1 |          1 |       0 |    0 |     3 |      0 |      0 |          0 |
|             i_w_node                                                                                  |                                             design_1_smartconnect_0_1_bd_886d_wni_0 |         11 |         11 |       0 |    0 |    48 |      0 |      0 |          0 |
|               inst                                                                                    |                      design_1_smartconnect_0_1_sc_node_v1_0_15_top__parameterized13 |         11 |         11 |       0 |    0 |    48 |      0 |      0 |          0 |
|                 (inst)                                                                                |                      design_1_smartconnect_0_1_sc_node_v1_0_15_top__parameterized13 |          3 |          3 |       0 |    0 |     1 |      0 |      0 |          0 |
|                 inst_mi_handler                                                                       |               design_1_smartconnect_0_1_sc_node_v1_0_15_mi_handler__parameterized13 |          7 |          7 |       0 |    0 |    44 |      0 |      0 |          0 |
|                   (inst_mi_handler)                                                                   |               design_1_smartconnect_0_1_sc_node_v1_0_15_mi_handler__parameterized13 |          0 |          0 |       0 |    0 |     2 |      0 |      0 |          0 |
|                   gen_normal_area.inst_fifo_node_payld                                                |                      design_1_smartconnect_0_1_sc_node_v1_0_15_fifo__parameterized2 |          7 |          7 |       0 |    0 |    42 |      0 |      0 |          0 |
|                     gen_reg_fifo.inst_reg_fifo                                                        |                  design_1_smartconnect_0_1_sc_node_v1_0_15_reg_fifo__parameterized2 |          7 |          7 |       0 |    0 |    42 |      0 |      0 |          0 |
|                       (gen_reg_fifo.inst_reg_fifo)                                                    |                  design_1_smartconnect_0_1_sc_node_v1_0_15_reg_fifo__parameterized2 |          2 |          2 |       0 |    0 |    40 |      0 |      0 |          0 |
|                       gen_single_rank.inst_cntr                                                       |                    design_1_smartconnect_0_1_sc_util_v1_0_4_counter__parameterized0 |          5 |          5 |       0 |    0 |     2 |      0 |      0 |          0 |
|                 s_sc_xpm_cdc_async_rst_inst                                                           |                                     design_1_smartconnect_0_1_xpm_cdc_async_rst__49 |          1 |          1 |       0 |    0 |     3 |      0 |      0 |          0 |
|           r_la_in_swbd                                                                                |                                           design_1_smartconnect_0_1_bd_886d_rinsw_0 |          0 |          0 |       0 |    0 |     0 |      0 |      0 |          0 |
|             inst                                                                                      |                 design_1_smartconnect_0_1_sc_switchboard_v1_0_7_top__parameterized3 |          0 |          0 |       0 |    0 |     0 |      0 |      0 |          0 |
|           r_la_out_swbd                                                                               |                                          design_1_smartconnect_0_1_bd_886d_routsw_0 |         16 |         16 |       0 |    0 |     0 |      0 |      0 |          0 |
|             inst                                                                                      |                 design_1_smartconnect_0_1_sc_switchboard_v1_0_7_top__parameterized4 |         16 |         16 |       0 |    0 |     0 |      0 |      0 |          0 |
|               gen_mi[0].inst_mux_payld                                                                |                        design_1_smartconnect_0_1_sc_util_v1_0_4_mux__parameterized3 |         16 |         16 |       0 |    0 |     0 |      0 |      0 |          0 |
|           w_la_in_swbd                                                                                |                                           design_1_smartconnect_0_1_bd_886d_winsw_0 |          0 |          0 |       0 |    0 |     0 |      0 |      0 |          0 |
|             inst                                                                                      |                 design_1_smartconnect_0_1_sc_switchboard_v1_0_7_top__parameterized5 |          0 |          0 |       0 |    0 |     0 |      0 |      0 |          0 |
|           w_la_out_swbd                                                                               |                                          design_1_smartconnect_0_1_bd_886d_woutsw_0 |          0 |          0 |       0 |    0 |     0 |      0 |      0 |          0 |
|             inst                                                                                      |                 design_1_smartconnect_0_1_sc_switchboard_v1_0_7_top__parameterized6 |          0 |          0 |       0 |    0 |     0 |      0 |      0 |          0 |
+-------------------------------------------------------------------------------------------------------+-------------------------------------------------------------------------------------+------------+------------+---------+------+-------+--------+--------+------------+
* Note: The sum of lower-level cells may be larger than their parent cells total, due to cross-hierarchy LUT combining


